,playerId,action_season,name,team,action_date
0,8477456,2024,J.T. Compher,DET,2024-06-29
1,8477429,2024,Andrew Copp,DET,2024-06-29
2,8484160,2024,Nate Danielson,DET,2024-06-29
3,8479337,2024,Alex DeBrincat,DET,2024-06-29
4,8484107,2024,Alexandre Doucet,DET,2024-06-29
5,8480326,2024,Sheldon Dries,DET,2024-06-29
6,8484471,2024,Emmitt Finnie,DET,2024-06-29
7,8478432,2024,Christian Fischer,DET,2024-06-29
8,8479364,2024,Tim Gettinger,DET,2024-06-29
9,8482106,2024,Cross Hanas,DET,2024-06-29
10,8474141,2024,Patrick Kane,DET,2024-06-29
11,8483464,2024,Marco Kasper,DET,2024-06-29
12,8477946,2024,Dylan Larkin,DET,2024-06-29
13,8483695,2024,Amadeus Lombardi,DET,2024-06-29
14,8482802,2024,Carter Mazur,DET,2024-06-29
15,8477353,2024,Tyler Motte,DET,2024-06-29
16,8479992,2024,Michael Rasmussen,DET,2024-06-29
17,8484966,2024,Jakub Rychlovsky,DET,2024-06-29
18,8481441,2024,Joe Snively,DET,2024-06-29
19,8481725,2024,Elmer Soderblom,DET,2024-06-29
20,8475765,2024,Vladimir Tarasenko,DET,2024-06-29
21,8480813,2024,Joe Veleno,DET,2024-06-29
22,8482777,2024,Shai Buium,DET,2024-06-29
23,8475279,2024,Ben Chiarot,DET,2024-06-29
24,8482060,2024,Tory Dello,DET,2024-06-29
25,8482762,2024,Simon Edvinsson,DET,2024-06-29
26,8476979,2024,Erik Gustafsson,DET,2024-06-29
27,8475718,2024,Justin Holl,DET,2024-06-29
28,8481607,2024,Albert Johansson,DET,2024-06-29
29,8478021,2024,William Lagesson,DET,2024-06-29
30,8476874,2024,Olli Maatta,DET,2024-06-29
31,8473507,2024,Jeff Petry,DET,2024-06-29
32,8481479,2024,Brogan Rafferty,DET,2024-06-29
33,8484223,2024,Axel Sandin-Pellikka ,DET,2024-06-29
34,8481587,2024,Antti Tuomisto,DET,2024-06-29
35,8482163,2024,Eemil Viro,DET,2024-06-29
36,8482171,2024,William Wallinder,DET,2024-06-29
37,8482936,2024,Gage Alexander,DET,2024-06-29
38,8475789,2024,Jack Campbell,DET,2024-06-29
39,8482657,2024,Sebastian Cossa,DET,2024-06-29
40,8481757,2024,Carter Gylander,DET,2024-06-29
41,8478024,2024,Ville Husso,DET,2024-06-29
42,8479312,2024,Alex Lyon,DET,2024-06-29
43,8475660,2024,Cam Talbot,DET,2024-06-29
44,8481556,2024,John Beecher,BOS,2024-06-29
45,8479638,2024,Justin Brazeau,BOS,2024-06-29
46,8477887,2024,Patrick Brown,BOS,2024-06-29
47,8475745,2024,Charlie Coyle,BOS,2024-06-29
48,8482213,2024,Riley Duran,BOS,2024-06-29
49,8481558,2024,John Farinacci,BOS,2024-06-29
50,8479365,2024,Trent Frederic,BOS,2024-06-29
51,8479987,2024,Morgan Geekie,BOS,2024-06-29
52,8482739,2024,Brett Harrison,BOS,2024-06-29
53,8479368,2024,Max Jones,BOS,2024-06-29
54,8480355,2024,Mark Kastelic,BOS,2024-06-29
55,8481043,2024,Cole Koepke,BOS,2024-06-29
56,8482479,2024,Trevor Kuntar,BOS,2024-06-29
57,8479968,2024,Vinni Lettieri,BOS,2024-06-29
58,8477496,2024,Elias Lindholm,BOS,2024-06-29
59,8482763,2024,Fabian Lysell,BOS,2024-06-29
60,8473419,2024,Brad Marchand,BOS,2024-06-29
61,8483397,2024,Marc McLaughlin,BOS,2024-06-29
62,8483567,2024,Georgii Merkulov,BOS,2024-06-29
63,8484899,2024,Jaxon Nelson,BOS,2024-06-29
64,8477956,2024,David Pastrnak,BOS,2024-06-29
65,8483505,2024,Matthew Poitras,BOS,2024-06-29
66,8479705,2024,Jeffrey Viel,BOS,2024-06-29
67,8479362,2024,Riley Tufte,BOS,2024-06-29
68,8478401,2024,Pavel Zacha,BOS,2024-06-29
69,8484813,2024,Drew Bavaro,BOS,2024-06-29
70,8483017,2024,Frederic Brunet,BOS,2024-06-29
71,8480828,2024,Michael Callahan,BOS,2024-06-29
72,8478443,2024,Brandon Carlo,BOS,2024-06-29
73,8483438,2024,Jackson Edward,BOS,2024-06-29
74,8476854,2024,Hampus Lindholm,BOS,2024-06-29
75,8482511,2024,Mason Lohrei,BOS,2024-06-29
76,8482893,2024,Ryan Mast,BOS,2024-06-29
77,8479325,2024,Charlie McAvoy,BOS,2024-06-29
78,8480070,2024,Ian Mitchell,BOS,2024-06-29
79,8477851,2024,Jordan Oesterle,BOS,2024-06-29
80,8479369,2024,Andrew Peeke,BOS,2024-06-29
81,8480831,2024,Alec Regula,BOS,2024-06-29
82,8482399,2024,Billy Sweezey,BOS,2024-06-29
83,8478450,2024,Parker Wotherspoon,BOS,2024-06-29
84,8477507,2024,Nikita Zadorov,BOS,2024-06-29
85,8483548,2024,Brandon Bussi,BOS,2024-06-29
86,8480022,2024,Michael DiPietro,BOS,2024-06-29
87,8476914,2024,Joonas Korpisalo,BOS,2024-06-29
88,8478569,2024,Noel Acciari,PIT,2024-06-29
89,8482456,2024,Raivis Ansons,PIT,2024-06-29
90,8478463,2024,Anthony Beauvillier,PIT,2024-06-29
91,8480205,2024,Emil Bemstrom,PIT,2024-06-29
92,8482698,2024,Tristan Broz,PIT,2024-06-29
93,8478047,2024,Michael Bunting,PIT,2024-06-29
94,8471675,2024,Sidney Crosby,PIT,2024-06-29
95,8474189,2024,Lars Eller,PIT,2024-06-29
96,8479996,2024,Cody Glass,PIT,2024-06-29
97,8475763,2024,Kevin Hayes,PIT,2024-06-29
98,8484869,2024,Tanner Howe,PIT,2024-06-29
99,8481228,2024,Jimmy Huntington,PIT,2024-06-29
100,8478147,2024,Bokondji Imama,PIT,2024-06-29
101,8483401,2024,Marc Johnstone,PIT,2024-06-29
102,8482758,2024,Ville Koivunen,PIT,2024-06-29
103,8481481,2024,Blake Lizotte,PIT,2024-06-29
104,8483102,2024,Bennett MacArthur,PIT,2024-06-29
105,8471215,2024,Evgeni Malkin,PIT,2024-06-29
106,8476442,2024,Matt Nieto,PIT,2024-06-29
107,8482055,2024,Drew O'Connor,PIT,2024-06-29
108,8482102,2024,Vasily Ponomarev,PIT,2024-06-29
109,8479344,2024,Jesse Puljujarvi,PIT,2024-06-29
110,8481703,2024,Valtteri Puustinen,PIT,2024-06-29
111,8476483,2024,Rickard Rakell,PIT,2024-06-29
112,8475810,2024,Bryan Rust,PIT,2024-06-29
113,8480222,2024,Sebastian Aho,PIT,2024-06-29
114,8482801,2024,Isaac Belliveau,PIT,2024-06-29
115,8484839,2024,Harrison Brunicke,PIT,2024-06-29
116,8479594,2024,Nate Clurman,PIT,2024-06-29
117,8477435,2024,Ryan Graves,PIT,2024-06-29
118,8476891,2024,Matthew Grzelcyk,PIT,2024-06-29
119,8480439,2024,Mac Hollowell,PIT,2024-06-29
120,8474578,2024,Erik Karlsson,PIT,2024-06-29
121,8480820,2024,Filip Kral,PIT,2024-06-29
122,8471724,2024,Kris Letang,PIT,2024-06-29
123,8481206,2024,John Ludvig,PIT,2024-06-29
124,8477969,2024,Marcus Pettersson,PIT,2024-06-29
125,8483503,2024,Owen Pickering,PIT,2024-06-29
126,8484213,2024,Emil Pieniniemi,PIT,2024-06-29
127,8478854,2024,Ryan Shea,PIT,2024-06-29
128,8481030,2024,Jack St. Ivany,PIT,2024-06-29
129,8481526,2024,Taylor Gauthier,PIT,2024-06-29
130,8477465,2024,Tristan Jarry,PIT,2024-06-29
131,8479548,2024,Filip Larsson,PIT,2024-06-29
132,8483703,2024,Sergei Murashov,PIT,2024-06-29
133,8477968,2024,Alex Nedeljkovic,PIT,2024-06-29
134,8474715,2024,Cameron Atkinson,TBL,2024-06-29
135,8482070,2024,Mitchell Chaffee,TBL,2024-06-29
136,8478519,2024,Anthony Cirelli,TBL,2024-06-29
137,8482663,2024,Dylan Duke,TBL,2024-06-29
138,8482454,2024,Jaydon Dureau,TBL,2024-06-29
139,8483437,2024,Lucas Edmonds,TBL,2024-06-29
140,8479591,2024,Michael Eyssimont,TBL,2024-06-29
141,8482090,2024,Jack Finley,TBL,2024-06-29
142,8480863,2024,Gabriel Fortier,TBL,2024-06-29
143,8484173,2024,Ethan Gauthier,TBL,2024-06-29
144,8483447,2024,Conor Geekie,TBL,2024-06-29
145,8476878,2024,Zemgus Girgensons,TBL,2024-06-29
146,8476822,2024,Luke Glendening,TBL,2024-06-29
147,8482201,2024,Gage Goncalves,TBL,2024-06-29
148,8482168,2024,Maxim Groshev,TBL,2024-06-29
149,8477404,2024,Jake Guentzel,TBL,2024-06-29
150,8479542,2024,Brandon Hagel,TBL,2024-06-29
151,8482757,2024,Niko Huuhtanen,TBL,2024-06-29
152,8476453,2024,Nikita Kucherov,TBL,2024-06-29
153,8477426,2024,Nicholas Paul,TBL,2024-06-29
154,8478010,2024,Brayden Point,TBL,2024-06-29
155,8483921,2024,Milo Roelens,TBL,2024-06-29
156,8477839,2024,Conor Sheary,TBL,2024-06-29
157,8482449,2024,Lukas Svejkovsky,TBL,2024-06-29
158,8484507,2024,Gabriel Szturc,TBL,2024-06-29
159,8483398,2024,Declan Carlile,TBL,2024-06-29
160,8478416,2024,Erik Cernak,TBL,2024-06-29
161,8481719,2024,Maxwell Crozier,TBL,2024-06-29
162,8483692,2024,Dyllan Gill,TBL,2024-06-29
163,8475167,2024,Victor Hedman,TBL,2024-06-29
164,8482929,2024,Emil Lilleberg,TBL,2024-06-29
165,8474151,2024,Ryan McDonagh,TBL,2024-06-29
166,8482655,2024,Janis Moser,TBL,2024-06-29
167,8481110,2024,Tobie Paquette-Bisson,TBL,2024-06-29
168,8480246,2024,Nick Perbix,TBL,2024-06-29
169,8478178,2024,Darren Raddysh,TBL,2024-06-29
170,8477463,2024,Steven Santini,TBL,2024-06-29
171,8482693,2024,Roman Schmidt,TBL,2024-06-29
172,8477992,2024,Jonas Johansson,TBL,2024-06-29
173,8477035,2024,Matt Tomkins,TBL,2024-06-29
174,8476883,2024,Andrei Vasilevskiy,TBL,2024-06-29
175,8479022,2024,Rodrigo Abols,PHI,2024-06-29
176,8483010,2024,Jon-Randall Avon,PHI,2024-06-29
177,8484142,2024,Denver Barkey,PHI,2024-06-29
178,8481553,2024,Bobby Brink,PHI,2024-06-29
179,8480220,2024,Noah Cates,PHI,2024-06-29
180,8476461,2024,Sean Couturier,PHI,2024-06-29
181,8475235,2024,Nicolas Deslauriers,PHI,2024-06-29
182,8482452,2024,Elliot Desnoyers,PHI,2024-06-29
183,8484928,2024,Oscar Eklind,PHI,2024-06-29
184,8480797,2024,Joel Farabee,PHI,2024-06-29
185,8482159,2024,Tyson Foerster,PHI,2024-06-29
186,8480028,2024,Morgan Frost,PHI,2024-06-29
187,8479587,2024,Rhett Gardner,PHI,2024-06-29
188,8483697,2024,Alexis Gendron,PHI,2024-06-29
189,8477903,2024,Garnet Hathaway,PHI,2024-06-29
190,8478439,2024,Travis Konecny,PHI,2024-06-29
191,8476872,2024,Scott Laughton,PHI,2024-06-29
192,8484779,2024,Jett Luchanko,PHI,2024-06-29
193,8480245,2024,Olle Lycksell,PHI,2024-06-29
194,8484387,2024,Matvei Michkov,PHI,2024-06-29
195,8480068,2024,Ryan Poehling,PHI,2024-06-29
196,8478409,2024,Anthony Richard,PHI,2024-06-29
197,8481760,2024,Massimo Rizzo,PHI,2024-06-29
198,8480015,2024,Owen Tippett,PHI,2024-06-29
199,8482727,2024,Samu Tuomaala,PHI,2024-06-29
200,8482161,2024,Zayde Wisdom,PHI,2024-06-29
201,8482126,2024,Emil Andrae,PHI,2024-06-29
202,8481521,2024,Ronnie Attard,PHI,2024-06-29
203,8478011,2024,Louie Belpedio,PHI,2024-06-29
204,8484148,2024,Oliver Bonk,PHI,2024-06-29
205,8482142,2024,Jamie Drysdale,PHI,2024-06-29
206,8475176,2024,Ryan Ellis,PHI,2024-06-29
207,8480874,2024,Adam Ginning,PHI,2024-06-29
208,8482169,2024,Helge Grans,PHI,2024-06-29
209,8473446,2024,Erik Johnson,PHI,2024-06-29
210,8483760,2024,Hunter McDonald,PHI,2024-06-29
211,8477499,2024,Rasmus Ristolainen,PHI,2024-06-29
212,8482890,2024,Ethan Samson,PHI,2024-06-29
213,8477948,2024,Travis Sanheim,PHI,2024-06-29
214,8476372,2024,Nick Seeler,PHI,2024-06-29
215,8481546,2024,Cam York,PHI,2024-06-29
216,8481178,2024,Egor Zamula,PHI,2024-06-29
217,8484147,2024,Carson Bjarnason,PHI,2024-06-29
218,8481035,2024,Samuel Ersson,PHI,2024-06-29
219,8478905,2024,Ivan Fedotov,PHI,2024-06-29
220,8482783,2024,Aleksei Kolosov,PHI,2024-06-29
221,8477361,2024,Cal Petersen,PHI,2024-06-29
222,8478427,2024,Sebastian Aho,CAR,2024-06-29
223,8482809,2024,Jackson Blake,CAR,2024-06-29
224,8477478,2024,William Carrier,CAR,2024-06-29
225,8480835,2024,Jack Drury,CAR,2024-06-29
226,8475855,2024,Jesper Fast,CAR,2024-06-29
227,8482080,2024,Noel Gunler,CAR,2024-06-29
228,8484929,2024,Juha Jaaska,CAR,2024-06-29
229,8479370,2024,Tyson Jost,CAR,2024-06-29
230,8480829,2024,Jesperi Kotkaniemi,CAR,2024-06-29
231,8477962,2024,Brendan Lemieux,CAR,2024-06-29
232,8476921,2024,Jordan Martinook,CAR,2024-06-29
233,8484203,2024,Bradly Nadeau,CAR,2024-06-29
234,8480039,2024,Martin Necas,CAR,2024-06-29
235,8482785,2024,Justin Robidas,CAR,2024-06-29
236,8480762,2024,Eric Robinson,CAR,2024-06-29
237,8478458,2024,John (Jack) Roslovic,CAR,2024-06-29
238,8481004,2024,Josiah Slavin,CAR,2024-06-29
239,8473533,2024,Jordan Staal,CAR,2024-06-29
240,8481576,2024,Ryan Suzuki,CAR,2024-06-29
241,8480830,2024,Andrei Svechnikov,CAR,2024-06-29
242,8483519,2024,Gleb Trikozov,CAR,2024-06-29
243,8484392,2024,Felix Unger Sorum,CAR,2024-06-29
244,8470613,2024,Brent Burns,CAR,2024-06-29
245,8478970,2024,Jalen Chatfield,CAR,2024-06-29
246,8481562,2024,Domenick Fensore,CAR,2024-06-29
247,8476906,2024,Shayne Gostisbehere,CAR,2024-06-29
248,8482860,2024,Aleksi Heimosalmi,CAR,2024-06-29
249,8481615,2024,Anttoni Honka,CAR,2024-06-29
250,8484428,2024,Charles-Alexis Legault,CAR,2024-06-29
251,8482666,2024,Scott Morrow,CAR,2024-06-29
252,8475200,2024,Dmitry Orlov,CAR,2024-06-29
253,8477046,2024,Joakim Ryan,CAR,2024-06-29
254,8482187,2024,Ronan Seeley,CAR,2024-06-29
255,8476958,2024,Jaccob Slavin,CAR,2024-06-29
256,8480883,2024,Ty Smith,CAR,2024-06-29
257,8479388,2024,Riley Stillman,CAR,2024-06-29
258,8480336,2024,Sean Walker,CAR,2024-06-29
259,8475883,2024,Frederik Andersen,CAR,2024-06-29
260,8484440,2024,Ruslan Khazheev,CAR,2024-06-29
261,8481611,2024,Pyotr Kochetkov,CAR,2024-06-29
262,8477484,2024,Spencer Martin,CAR,2024-06-29
263,8484293,2024,Yaniv Perets,CAR,2024-06-29
264,8474150,2024,Mikael Backlund,CGY,2024-06-29
265,8483772,2024,Parker Bell,CGY,2024-06-29
266,8478056,2024,Clark Bishop,CGY,2024-06-29
267,8482889,2024,Lucas Ciona,CGY,2024-06-29
268,8476399,2024,Blake Coleman,CGY,2024-06-29
269,8482679,2024,Matt Coronato,CGY,2024-06-29
270,8482652,2024,Walker Duehr,CGY,2024-06-29
271,8476924,2024,Martin Frk,CGY,2024-06-29
272,8484860,2024,Matvei Gridin,CGY,2024-06-29
273,8484180,2024,Samuel Honzek,CGY,2024-06-29
274,8476456,2024,Jonathan Huberdeau,CGY,2024-06-29
275,8478211,2024,Dryden Hunt,CGY,2024-06-29
276,8475172,2024,Nazem Kadri,CGY,2024-06-29
277,8482209,2024,Rory Kerins,CGY,2024-06-29
278,8477993,2024,Justin Kirkland,CGY,2024-06-29
279,8483609,2024,Adam Klapka,CGY,2024-06-29
280,8483808,2024,Andrei Kuzmenko,CGY,2024-06-29
281,8479066,2024,Ryan Lomberg,CGY,2024-06-29
282,8477511,2024,Anthony Mantha,CGY,2024-06-29
283,8484821,2024,Sam Morton,CGY,2024-06-29
284,8481590,2024,Ilya Nikolaev,CGY,2024-06-29
285,8481028,2024,Martin Pospisil,CGY,2024-06-29
286,8479291,2024,Kevin Rooney,CGY,2024-06-29
287,8481068,2024,Yegor Sharangovich,CGY,2024-06-29
288,8482766,2024,William Stromgren,CGY,2024-06-29
289,8482074,2024,Connor Zary,CGY,2024-06-29
290,8478397,2024,Rasmus Andersson,CGY,2024-06-29
291,8481219,2024,Jonathan Aspirot,CGY,2024-06-29
292,8480860,2024,Kevin Bahl,CGY,2024-06-29
293,8479402,2024,Jake Bean,CGY,2024-06-29
294,8484150,2024,Hunter Brzustewicz,CGY,2024-06-29
295,8482695,2024,Artem Grushnikov,CGY,2024-06-29
296,8477810,2024,Joel Hanley,CGY,2024-06-29
297,8482170,2024,Joni Jurmo,CGY,2024-06-29
298,8482165,2024,Yan Kuznetsov,CGY,2024-06-29
299,8482624,2024,Daniil Miromanov,CGY,2024-06-29
300,8484198,2024,Etienne Morin,CGY,2024-06-29
301,8481167,2024,Brayden Pachal,CGY,2024-06-29
302,8484768,2024,Zayne Parekh,CGY,2024-06-29
303,8482173,2024,Jeremie Poirier,CGY,2024-06-29
304,8482470,2024,Ilya Solovyov,CGY,2024-06-29
305,8477346,2024,MacKenzie Weegar,CGY,2024-06-29
306,8482445,2024,Devin Cooley,CGY,2024-06-29
307,8484939,2024,Waltteri Ignatjew,CGY,2024-06-29
308,8478435,2024,Dan Vladar,CGY,2024-06-29
309,8481692,2024,Dustin Wolf,CGY,2024-06-29
310,8476981,2024,Josh Anderson,MTL,2024-06-29
311,8476469,2024,Joel Armia,MTL,2024-06-29
312,8479718,2024,Alex Barré-Boulet,MTL,2024-06-29
313,8483424,2024,Owen Beck,MTL,2024-06-29
314,8481540,2024,Cole Caufield,MTL,2024-06-29
315,8483549,2024,Lucas Condotta,MTL,2024-06-29
316,8481523,2024,Kirby Dach,MTL,2024-06-29
317,8483728,2024,Jared Davidson,MTL,2024-06-29
318,8477989,2024,Christian Dvorak,MTL,2024-06-29
319,8478133,2024,Jake Evans,MTL,2024-06-29
320,8482081,2024,Sean Farrell,MTL,2024-06-29
321,8475848,2024,Brendan Gallagher,MTL,2024-06-29
322,8479330,2024,Brandon Gignac,MTL,2024-06-29
323,8481093,2024,Rafael Harvey-Pinard,MTL,2024-06-29
324,8482476,2024,Emil Heineman,MTL,2024-06-29
325,8482775,2024,Oliver Kapanen,MTL,2024-06-29
326,8482828,2024,Riley Kidney,MTL,2024-06-29
327,8479339,2024,Patrik Laine,MTL,2024-06-29
328,8483488,2024,Filip Mesar,MTL,2024-06-29
329,8481618,2024,Alex Newhook,MTL,2024-06-29
330,8482150,2024,Jacob Perreault,MTL,2024-06-29
331,8479543,2024,Michael Pezzetta,MTL,2024-06-29
332,8482749,2024,Joshua Roy,MTL,2024-06-29
333,8481794,2024,Xavier Simoneau,MTL,2024-06-29
334,8483515,2024,Juraj Slafkovsky,MTL,2024-06-29
335,8480018,2024,Nick Suzuki,MTL,2024-06-29
336,8482134,2024,Luke Tuch,MTL,2024-06-29
337,8484403,2024,Florian Xhekaj,MTL,2024-06-29
338,8482111,2024,Justin Barron,MTL,2024-06-29
339,8483686,2024,Adam Engstrom,MTL,2024-06-29
340,8482087,2024,Kaiden Guhle,MTL,2024-06-29
341,8483457,2024,Lane Hutson,MTL,2024-06-29
342,8482733,2024,Logan Mailloux,MTL,2024-06-29
343,8476875,2024,Mike Matheson,MTL,2024-06-29
344,8484220,2024,David Reinbacher,MTL,2024-06-29
345,8475233,2024,David Savard,MTL,2024-06-29
346,8481593,2024,Jayden Struble,MTL,2024-06-29
347,8482806,2024,William Trudeau,MTL,2024-06-29
348,8482964,2024,Arber Xhekaj,MTL,2024-06-29
349,8482487,2024,Jakub Dobes,MTL,2024-06-29
350,8484968,2024,Connor Hughes,MTL,2024-06-29
351,8478470,2024,Sam Montembeault,MTL,2024-06-29
352,8480051,2024,Cayden Primeau,MTL,2024-06-29
353,8473563,2024,Nicklas Backstrom,WSH,2024-06-29
354,8484159,2024,Andrew Cristall,WSH,2024-06-29
355,8475343,2024,Nic Dowd,WSH,2024-06-29
356,8483920,2024,Pierrick Dube,WSH,2024-06-29
357,8479400,2024,Pierre-Luc Dubois,WSH,2024-06-29
358,8479520,2024,Brandon Duhaime,WSH,2024-06-29
359,8483573,2024,Ethen Frank,WSH,2024-06-29
360,8484757,2024,Zac Funk,WSH,2024-06-29
361,8482960,2024,Ryan Hofer,WSH,2024-06-29
362,8482148,2024,Hendrix Lapierre,WSH,2024-06-29
363,8482639,2024,Alex Limoges,WSH,2024-06-29
364,8478233,2024,Andrew Mangiapane,WSH,2024-06-29
365,8481580,2024,Connor McMichael,WSH,2024-06-29
366,8477947,2024,Sonny Milano,WSH,2024-06-29
367,8483491,2024,Ivan Miroshnichenko,WSH,2024-06-29
368,8471698,2024,T.J. Oshie,WSH,2024-06-29
369,8471214,2024,Alex Ovechkin,WSH,2024-06-29
370,8484769,2024,Terik Parascak,WSH,2024-06-29
371,8478224,2024,Luke Philp,WSH,2024-06-29
372,8481656,2024,Aliaksei Protas,WSH,2024-06-29
373,8484999,2024,Ilya Protas,WSH,2024-06-29
374,8479390,2024,Taylor Raddysh,WSH,2024-06-29
375,8481662,2024,Henrik Rybinski,WSH,2024-06-29
376,8475958,2024,Michael Sgarbossa,WSH,2024-06-29
377,8478867,2024,Spencer Smallman,WSH,2024-06-29
378,8478440,2024,Dylan Strome,WSH,2024-06-29
379,8483518,2024,Alexander Suzdalev,WSH,2024-06-29
380,8482167,2024,Bogdan Trineyev,WSH,2024-06-29
381,8476880,2024,Tom Wilson,WSH,2024-06-29
382,8480823,2024,Alexander Alexeyev,WSH,2024-06-29
383,8484140,2024,Cam Allen,WSH,2024-06-29
384,8478451,2024,Ethan Bear,WSH,2024-06-29
385,8474590,2024,John Carlson,WSH,2024-06-29
386,8479345,2024,Jakob Chychrun,WSH,2024-06-29
387,8480796,2024,Martin Fehervary,WSH,2024-06-29
388,8479522,2024,Hardy Haman Aktell,WSH,2024-06-29
389,8482861,2024,Vincent Iorio,WSH,2024-06-29
390,8475795,2024,Dylan McIlrath,WSH,2024-06-29
391,8479597,2024,Chase Priskie,WSH,2024-06-29
392,8478911,2024,Matt Roy,WSH,2024-06-29
393,8480873,2024,Rasmus Sandin,WSH,2024-06-29
394,8477845,2024,Trevor van Riemsdyk,WSH,2024-06-29
395,8482188,2024,Garin Bjorklund,WSH,2024-06-29
396,8481064,2024,Mitchell Gibson,WSH,2024-06-29
397,8479292,2024,Charlie Lindgren,WSH,2024-06-29
398,8482411,2024,Hunter Shepard,WSH,2024-06-29
399,8483532,2024,Clay Stevenson,WSH,2024-06-29
400,8480313,2024,Logan Thompson,WSH,2024-06-29
401,8482496,2024,Nils Aman,VAN,2024-06-29
402,8483395,2024,Arshdeep Bains,VAN,2024-06-29
403,8482865,2024,Josh Bloom,VAN,2024-06-29
404,8476927,2024,Teddy Blueger,VAN,2024-06-29
405,8478444,2024,Brock Boeser,VAN,2024-06-29
406,8478498,2024,Jake DeBrusk,VAN,2024-06-29
407,8476858,2024,Phillip Di Giuseppe,VAN,2024-06-29
408,8478856,2024,Conor Garland,VAN,2024-06-29
409,8483535,2024,Ty Glover,VAN,2024-06-29
410,8478046,2024,Danton Heinen,VAN,2024-06-29
411,8481535,2024,Nils Hoglander,VAN,2024-06-29
412,8478057,2024,Dakota Joshua,VAN,2024-06-29
413,8481024,2024,Linus Karlsson,VAN,2024-06-29
414,8482918,2024,Danila Klimovich,VAN,2024-06-29
415,8483476,2024,Jonathan Lekkerimaki,VAN,2024-06-29
416,8476468,2024,J.T. Miller,VAN,2024-06-29
417,8484406,2024,Ty Mueller,VAN,2024-06-29
418,8483039,2024,Tristen Nielsen,VAN,2024-06-29
419,8480012,2024,Elias Pettersson,VAN,2024-06-29
420,8482691,2024,Aatu Raty,VAN,2024-06-29
421,8484136,2024,Max Sasson,VAN,2024-06-29
422,8480748,2024,Kiefer Sherwood,VAN,2024-06-29
423,8480979,2024,Nate Smith,VAN,2024-06-29
424,8478466,2024,Daniel Sprong,VAN,2024-06-29
425,8480459,2024,Pius Suter,VAN,2024-06-29
426,8478465,2024,Guillaume Brisebois,VAN,2024-06-29
427,8479576,2024,Vincent Desharnais,VAN,2024-06-29
428,8484815,2024,Christian Felton,VAN,2024-06-29
429,8475762,2024,Derek Forbort,VAN,2024-06-29
430,8478017,2024,Mark Friedman,VAN,2024-06-29
431,8484254,2024,Akito Hirose,VAN,2024-06-29
432,8479425,2024,Filip Hronek,VAN,2024-06-29
433,8480800,2024,Quinn Hughes,VAN,2024-06-29
434,8478454,2024,Noah Juulsen,VAN,2024-06-29
435,8483467,2024,Kirill Kudryavtsev,VAN,2024-06-29
436,8484287,2024,Cole McWard,VAN,2024-06-29
437,8474574,2024,Tyler Myers,VAN,2024-06-29
438,8484202,2024,Sawyer Mynio,VAN,2024-06-29
439,8483678,2024,Elias Pettersson,VAN,2024-06-29
440,8477359,2024,Tucker Poolman,VAN,2024-06-29
441,8477369,2024,Carson Soucy,VAN,2024-06-29
442,8478846,2024,Christian Wolanin,VAN,2024-06-29
443,8480808,2024,Jett Woo,VAN,2024-06-29
444,8477967,2024,Thatcher Demko,VAN,2024-06-29
445,8480238,2024,Jiri Patera,VAN,2024-06-29
446,8481668,2024,Arturs Silovs,VAN,2024-06-29
447,8484268,2024,Nikita Tolopilo,VAN,2024-06-29
448,8483751,2024,Ty Young,VAN,2024-06-29
449,8482507,2024,Chase Bradley,COL,2024-06-29
450,8479525,2024,Ross Colton,COL,2024-06-29
451,8477494,2024,Jonathan Drouin,COL,2024-06-29
452,8482147,2024,Jean-Luc Foudy,COL,2024-06-29
453,8484976,2024,Jere Innala,COL,2024-06-29
454,8483930,2024,Ivan Ivan,COL,2024-06-29
455,8480448,2024,Parker Kelly,COL,2024-06-29
456,8481641,2024,Joel Kiviranta,COL,2024-06-29
457,8481042,2024,Nikolai Kovalenko,COL,2024-06-29
458,8477476,2024,Artturi Lehkonen,COL,2024-06-29
459,8477492,2024,Nathan MacKinnon,COL,2024-06-29
460,8479999,2024,Casey Mittelstadt,COL,2024-06-29
461,8481186,2024,Logan O'Connor,COL,2024-06-29
462,8482712,2024,Oskar Olausson,COL,2024-06-29
463,8484259,2024,Ondrej Pavel,COL,2024-06-29
464,8479547,2024,Matthew Phillips,COL,2024-06-29
465,8484255,2024,Jason Polin,COL,2024-06-29
466,8478420,2024,Mikko Rantanen,COL,2024-06-29
467,8484221,2024,Calum Ritchie,COL,2024-06-29
468,8481737,2024,Matt Stienburg,COL,2024-06-29
469,8476391,2024,T.J. Tynan,COL,2024-06-29
470,8475780,2024,Chris Wagner,COL,2024-06-29
471,8477425,2024,Miles Wood,COL,2024-06-29
472,8483569,2024,Wyatt Aamodt,COL,2024-06-29
473,8482072,2024,Jack Ahcan,COL,2024-06-29
474,8482676,2024,Sean Behrens,COL,2024-06-29
475,8480073,2024,Erik Brannstrom,COL,2024-06-29
476,8475177,2024,Calvin de Haan,COL,2024-06-29
477,8479398,2024,Samuel Girard,COL,2024-06-29
478,8478430,2024,Oliver Kylington,COL,2024-06-29
479,8479439,2024,Jacob MacDonald,COL,2024-06-29
480,8480069,2024,Cale Makar,COL,2024-06-29
481,8484258,2024,Sam Malinski,COL,2024-06-29
482,8476312,2024,Josh Manson,COL,2024-06-29
483,8479387,2024,Keaton Middleton,COL,2024-06-29
484,8480157,2024,Calle Rosen,COL,2024-06-29
485,8478038,2024,Devon Toews,COL,2024-06-29
486,8484556,2024,Saige Weinstein,COL,2024-06-29
487,8481020,2024,Justus Annunen,COL,2024-06-29
488,8480382,2024,Alexandar Georgiev,COL,2024-06-29
489,8480867,2024,Kevin Mandolese,COL,2024-06-29
490,8481529,2024,Trent Miner,COL,2024-06-29
491,8478074,2024,Anthony Angello,NSH,2024-06-29
492,8476539,2024,Jonathan Marchessault,NSH,2024-06-29
493,8479356,2024,Kieffer Bellows,NSH,2024-06-29
494,8483879,2024,Nolan Burke,NSH,2024-06-29
495,8482146,2024,Luke Evangelista,NSH,2024-06-29
496,8476887,2024,Filip Forsberg,NSH,2024-06-29
497,8483000,2024,Jordan Frasca,NSH,2024-06-29
498,8476994,2024,Vinnie Hinostroza,NSH,2024-06-29
499,8476873,2024,Mark Jankowski,NSH,2024-06-29
500,8483465,2024,Joakim Kemell,NSH,2024-06-29
501,8482742,2024,Zachary L'Heureux,NSH,2024-06-29
502,8484187,2024,Kalan Lind,NSH,2024-06-29
503,8481422,2024,Jake Lucchini,NSH,2024-06-29
504,8477446,2024,Michael McCarron,NSH,2024-06-29
505,8481817,2024,Navrin Mutter,NSH,2024-06-29
506,8478438,2024,Tommy Novak,NSH,2024-06-29
507,8474679,2024,Gustav Nyquist,NSH,2024-06-29
508,8475158,2024,Ryan O'Reilly,NSH,2024-06-29
509,8483844,2024,Austin Roest,NSH,2024-06-29
510,8483513,2024,Reid Schaefer,NSH,2024-06-29
511,8476925,2024,Colton Sissons,NSH,2024-06-29
512,8482062,2024,Cole Smith,NSH,2024-06-29
513,8474564,2024,Steven Stamkos,NSH,2024-06-29
514,8482768,2024,Fedor Svechkov,NSH,2024-06-29
515,8482103,2024,Ozzy Wiesblatt,NSH,2024-06-29
516,8483565,2024,Nick Blankenburg,NSH,2024-06-29
517,8478851,2024,Alexandre Carrier,NSH,2024-06-29
518,8479371,2024,Dante Fabbro,NSH,2024-06-29
519,8484174,2024,Andrew Gibson,NSH,2024-06-29
520,8475857,2024,Kevin Gravel,NSH,2024-06-29
521,8483086,2024,Jeremy Hanzel,NSH,2024-06-29
522,8474600,2024,Roman Josi,NSH,2024-06-29
523,8478468,2024,Jeremy Lauzon,NSH,2024-06-29
524,8484256,2024,Jake Livingstone,NSH,2024-06-29
525,8482808,2024,Jack Matier,NSH,2024-06-29
526,8484196,2024,Tanner Molendyk,NSH,2024-06-29
527,8482091,2024,Luke Prokop,NSH,2024-06-29
528,8474568,2024,Luke Schenn,NSH,2024-06-29
529,8476869,2024,Brady Skjei,NSH,2024-06-29
530,8481056,2024,Spencer Stastney,NSH,2024-06-29
531,8482715,2024,Ryan Ufko,NSH,2024-06-29
532,8482482,2024,Adam Wilsby,NSH,2024-06-29
533,8482137,2024,Yaroslav Askarov,NSH,2024-06-29
534,8483575,2024,Matt Murray,NSH,2024-06-29
535,8477424,2024,Juuse Saros,NSH,2024-06-29
536,8475809,2024,Scott Wedgewood,NSH,2024-06-29
537,8484153,2024,Leo Carlsson,ANA,2024-06-29
538,8481538,2024,Judd Caulfield,ANA,2024-06-29
539,8482118,2024,Sam Colangelo,ANA,2024-06-29
540,8477952,2024,Robby Fabbri,ANA,2024-06-29
541,8483444,2024,Nathan Gaucher,ANA,2024-06-29
542,8483445,2024,Cutter Gauthier,ANA,2024-06-29
543,8478424,2024,Jansen Harkins,ANA,2024-06-29
544,8477527,2024,Ross Johnston,ANA,2024-06-29
545,8473986,2024,Alex Killorn,ANA,2024-06-29
546,8481517,2024,Brett Leason,ANA,2024-06-29
547,8482925,2024,Josh Lopina,ANA,2024-06-29
548,8480806,2024,Isac Lundestrom,ANA,2024-06-29
549,8476934,2024,Brock McGinn,ANA,2024-06-29
550,8482745,2024,Mason McTavish,ANA,2024-06-29
551,8480292,2024,Carson Meyer,ANA,2024-06-29
552,8484201,2024,Nico Myatovic,ANA,2024-06-29
553,8482136,2024,Jan Mysak,ANA,2024-06-29
554,8481754,2024,Nikita Nesterenko,ANA,2024-06-29
555,8482682,2024,Sasha Pastujov,ANA,2024-06-29
556,8484216,2024,Coulson Pitre,ANA,2024-06-29
557,8483630,2024,Pavol Regenda,ANA,2024-06-29
558,8484762,2024,Beckett Sennecke,ANA,2024-06-29
559,8484396,2024,Yegor Sidorov,ANA,2024-06-29
560,8476458,2024,Ryan Strome,ANA,2024-06-29
561,8478873,2024,Troy Terry,ANA,2024-06-29
562,8478366,2024,Frank Vatrano,ANA,2024-06-29
563,8484110,2024,Jaxsen Wiebe,ANA,2024-06-29
564,8481533,2024,Trevor Zegras,ANA,2024-06-29
565,8484414,2024,Rodwin Dionicio,ANA,2024-06-29
566,8475208,2024,Brian Dumoulin,ANA,2024-06-29
567,8475764,2024,Cam Fowler,ANA,2024-06-29
568,8475462,2024,Radko Gudas,ANA,2024-06-29
569,8481563,2024,Drew Helleson,ANA,2024-06-29
570,8482731,2024,Tyson Hinds,ANA,2024-06-29
571,8481605,2024,Jackson LaCombe,ANA,2024-06-29
572,8483482,2024,Tristan Luneau,ANA,2024-06-29
573,8483490,2024,Pavel Mintyukov,ANA,2024-06-29
574,8480001,2024,Urho Vaakanainen,ANA,2024-06-29
575,8483521,2024,Noah Warren,ANA,2024-06-29
576,8482803,2024,Olen Zellweger,ANA,2024-06-29
577,8483746,2024,Vyacheslav Buteyets,ANA,2024-06-29
578,8482477,2024,Calle Clang,ANA,2024-06-29
579,8480843,2024,Lukas Dostal,ANA,2024-06-29
580,8476434,2024,John Gibson,ANA,2024-06-29
581,8483898,2024,Tomas Suchanek,ANA,2024-06-29
582,8479944,2024,Zach Aston-Reese,VGK,2024-06-29
583,8477964,2024,Ivan Barbashev,VGK,2024-06-29
584,8482724,2024,Jakub Brabenec,VGK,2024-06-29
585,8482153,2024,Brendan Brisson,VGK,2024-06-29
586,8482250,2024,Callahan Burke,VGK,2024-06-29
587,8484155,2024,Mathieu Cataford,VGK,2024-06-29
588,8482933,2024,Jakub Demek,VGK,2024-06-29
589,8480844,2024,Grigori Denisenko,VGK,2024-06-29
590,8481604,2024,Pavel Dorofeyev,VGK,2024-06-29
591,8478403,2024,Jack Eichel,VGK,2024-06-29
592,8477419,2024,Mason Geertsen,VGK,2024-06-29
593,8483451,2024,Jordan Gustafson,VGK,2024-06-29
594,8483748,2024,Ben Hemmerling,VGK,2024-06-29
595,8476881,2024,Tomas Hertl,VGK,2024-06-29
596,8482125,2024,Alexander Holtz,VGK,2024-06-29
597,8479353,2024,Brett Howden,VGK,2024-06-29
598,8476448,2024,William Karlsson,VGK,2024-06-29
599,8478434,2024,Keegan Kolesar,VGK,2024-06-29
600,8479550,2024,Tanner Laczynski,VGK,2024-06-29
601,8481462,2024,Mason Morelli,VGK,2024-06-29
602,8478109,2024,Victor Olofsson,VGK,2024-06-29
603,8479748,2024,Gage Quinney,VGK,2024-06-29
604,8480007,2024,Jonas Rondbjerg,VGK,2024-06-29
605,8478462,2024,Nicolas Roy,VGK,2024-06-29
606,8483511,2024,Matyas Sapovaliv,VGK,2024-06-29
607,8475913,2024,Mark Stone,VGK,2024-06-29
608,8482688,2024,Daniil Chayka,VGK,2024-06-29
609,8482141,2024,Lukas Cormier,VGK,2024-06-29
610,8483829,2024,Joe Fleming,VGK,2024-06-29
611,8477462,2024,Robert Hagg,VGK,2024-06-29
612,8479980,2024,Nicolas Hague,VGK,2024-06-29
613,8478396,2024,Noah Hanifin,VGK,2024-06-29
614,8477018,2024,Ben Hutton,VGK,2024-06-29
615,8481527,2024,Kaedan Korczak,VGK,2024-06-29
616,8478062,2024,Dysin Mayo,VGK,2024-06-29
617,8475188,2024,Brayden McNabb,VGK,2024-06-29
618,8474565,2024,Alex Pietrangelo,VGK,2024-06-29
619,8482138,2024,Christoffer Sedoff,VGK,2024-06-29
620,8477447,2024,Shea Theodore,VGK,2024-06-29
621,8480727,2024,Zach Whitecloud,VGK,2024-06-29
622,8478499,2024,Adin Hill,VGK,2024-06-29
623,8482761,2024,Carl Lindbom,VGK,2024-06-29
624,8478492,2024,Ilya Samsonov,VGK,2024-06-29
625,8481520,2024,Isaiah Saville,VGK,2024-06-29
626,8481033,2024,Akira Schmid,VGK,2024-06-29
627,8482484,2024,Jesper Vikman,VGK,2024-06-29
628,8482891,2024,Francesco Arcuri,DAL,2024-06-29
629,8480840,2024,Oskar Back,DAL,2024-06-29
630,8473994,2024,Jamie Benn,DAL,2024-06-29
631,8476278,2024,Colin Blackwell,DAL,2024-06-29
632,8481712,2024,Matej Blumel,DAL,2024-06-29
633,8482145,2024,Mavrik Bourque,DAL,2024-06-29
634,8474149,2024,Evgenii Dadonov,DAL,2024-06-29
635,8475168,2024,Matt Duchene,DAL,2024-06-29
636,8482919,2024,Justin Ertel,DAL,2024-06-29
637,8484796,2024,Emil Hemming,DAL,2024-06-29
638,8478449,2024,Roope Hintz,DAL,2024-06-29
639,8484829,2024,Justin Hryckowian,DAL,2024-06-29
640,8478888,2024,Cameron Hughes,DAL,2024-06-29
641,8484938,2024,Arttu Hyry,DAL,2024-06-29
642,8482740,2024,Wyatt Johnston,DAL,2024-06-29
643,8479986,2024,Kole Lind,DAL,2024-06-29
644,8478975,2024,Mason Marchment,DAL,2024-06-29
645,8483799,2024,Kyle McDonald,DAL,2024-06-29
646,8481041,2024,Mathias Emilio Pettersen,DAL,2024-06-29
647,8480027,2024,Jason Robertson,DAL,2024-06-29
648,8475794,2024,Tyler Seguin,DAL,2024-06-29
649,8483514,2024,Matthew Seminoff,DAL,2024-06-29
650,8482702,2024,Logan Stankoven,DAL,2024-06-29
651,8479351,2024,Sam Steel,DAL,2024-06-29
652,8482120,2024,Antonio Stranges,DAL,2024-06-29
653,8484124,2024,Chase Wheatcroft,DAL,2024-06-29
654,8484146,2024,Tristan Bertucci,DAL,2024-06-29
655,8483425,2024,Lian Bichsel,DAL,2024-06-29
656,8478476,2024,Kyle Capobianco,DAL,2024-06-29
657,8476856,2024,Mathew Dumba,DAL,2024-06-29
658,8480036,2024,Miro Heiskanen,DAL,2024-06-29
659,8484822,2024,Luke Krys,DAL,2024-06-29
660,8483470,2024,Christian Kyrou,DAL,2024-06-29
661,8476902,2024,Esa Lindell,DAL,2024-06-29
662,8480878,2024,Nils Lundkvist,DAL,2024-06-29
663,8480950,2024,Ilya Lyubushkin,DAL,2024-06-29
664,8475755,2024,Alexander Petrovic,DAL,2024-06-29
665,8484523,2024,Connor Punnett,DAL,2024-06-29
666,8474090,2024,Brendan Smith,DAL,2024-06-29
667,8483059,2024,Gavin White,DAL,2024-06-29
668,8479193,2024,Casey DeSmith,DAL,2024-06-29
669,8476433,2024,Magnus Hellberg,DAL,2024-06-29
670,8484835,2024,Ben Kraws,DAL,2024-06-29
671,8479979,2024,Jake Oettinger,DAL,2024-06-29
672,8482465,2024,Remi Poirier,DAL,2024-06-29
673,8479315,2024,Joey Anderson,CHI,2024-06-29
674,8476960,2024,Andreas Athanasiou,CHI,2024-06-29
675,8484144,2024,Connor Bedard,CHI,2024-06-29
676,8477479,2024,Tyler Bertuzzi,CHI,2024-06-29
677,8482703,2024,Colton Dach,CHI,2024-06-29
678,8477450,2024,Jason Dickinson,CHI,2024-06-29
679,8477987,2024,Ryan Donato,CHI,2024-06-29
680,8473422,2024,Nick Foligno,CHI,2024-06-29
681,8480252,2024,Cole Guttman,CHI,2024-06-29
682,8475791,2024,Taylor Hall,CHI,2024-06-29
683,8483453,2024,Gavin Hayes,CHI,2024-06-29
684,8480798,2024,Philipp Kurashev,CHI,2024-06-29
685,8484185,2024,Nick Lardis,CHI,2024-06-29
686,8483480,2024,Paul Ludwinski,CHI,2024-06-29
687,8482903,2024,Jalen Luypen,CHI,2024-06-29
688,8474034,2024,Patrick Maroon,CHI,2024-06-29
689,8481624,2024,Ilya Mikheyev,CHI,2024-06-29
690,8484195,2024,Martin Misiak,CHI,2024-06-29
691,8483493,2024,Frank Nazar,CHI,2024-06-29
692,8482117,2024,Lukas Reichel,CHI,2024-06-29
693,8482082,2024,Ryder Rolston,CHI,2024-06-29
694,8477482,2024,Zachary Sanford,CHI,2024-06-29
695,8483677,2024,Samuel Savoie,CHI,2024-06-29
696,8478881,2024,Brett Seney,CHI,2024-06-29
697,8482172,2024,Landon Slaggert,CHI,2024-06-29
698,8475225,2024,Craig Smith,CHI,2024-06-29
699,8476882,2024,Teuvo Teravainen,CHI,2024-06-29
700,8484761,2024,Marek Vanacker,CHI,2024-06-29
701,8482700,2024,Nolan Allan,CHI,2024-06-29
702,8474673,2024,TJ Brodie,CHI,2024-06-29
703,8481806,2024,Louis Crevier,CHI,2024-06-29
704,8482807,2024,Ethan Del Mastro,CHI,2024-06-29
705,8477495,2024,Seth Jones,CHI,2024-06-29
706,8482176,2024,Wyatt Kaiser,CHI,2024-06-29
707,8483466,2024,Kevin Korchinski,CHI,2024-06-29
708,8484783,2024,Artyom Levshunov,CHI,2024-06-29
709,8474166,2024,Alec Martinez,CHI,2024-06-29
710,8476473,2024,Connor Murphy,CHI,2024-06-29
711,8482192,2024,Isaak Phillips,CHI,2024-06-29
712,8481568,2024,Alex Vlasic,CHI,2024-06-29
713,8476316,2024,Laurent Brossoit,CHI,2024-06-29
714,8482123,2024,Drew Commesso,CHI,2024-06-29
715,8475852,2024,Petr Mrazek,CHI,2024-06-29
716,8482821,2024,Arvid Soderblom,CHI,2024-06-29
717,8475968,2024,Alex Belzile,NYR,2024-06-29
718,8482132,2024,Brett Berard,NYR,2024-06-29
719,8477320,2024,Anton Blidh,NYR,2024-06-29
720,8477380,2024,Jonny Brodzinski,NYR,2024-06-29
721,8475842,2024,Sam Carrick,NYR,2024-06-29
722,8482877,2024,Jaroslav Chmelar,NYR,2024-06-29
723,8480078,2024,Filip Chytil,NYR,2024-06-29
724,8482157,2024,Will Cuylle,NYR,2024-06-29
725,8481726,2024,Adam Edstrom,NYR,2024-06-29
726,8480870,2024,Bo Groulx,NYR,2024-06-29
727,8481554,2024,Kaapo Kakko,NYR,2024-06-29
728,8482656,2024,Ryder Korczak,NYR,2024-06-29
729,8475184,2024,Chris Kreider,NYR,2024-06-29
730,8482109,2024,Alexis Lafrenière,NYR,2024-06-29
731,8479991,2024,Jake Leschyshyn,NYR,2024-06-29
732,8483486,2024,Bryce McConnell-Barker,NYR,2024-06-29
733,8474062,2024,Riley Nash,NYR,2024-06-29
734,8482747,2024,Brennan Othmann,NYR,2024-06-29
735,8478550,2024,Artemi Panarin,NYR,2024-06-29
736,8482460,2024,Matt Rempe,NYR,2024-06-29
737,8484461,2024,Dylan Roobroeck,NYR,2024-06-29
738,8475191,2024,Reilly Smith,NYR,2024-06-29
739,8483669,2024,Adam Sykora,NYR,2024-06-29
740,8476389,2024,Vincent Trocheck,NYR,2024-06-29
741,8476918,2024,Jimmy Vesey,NYR,2024-06-29
742,8476459,2024,Mika Zibanejad,NYR,2024-06-29
743,8479578,2024,Casey Fitzgerald,NYR,2024-06-29
744,8479323,2024,Adam Fox,NYR,2024-06-29
745,8477433,2024,Ben Harpur,NYR,2024-06-29
746,8481708,2024,Zac Jones,NYR,2024-06-29
747,8479324,2024,Ryan Lindgren,NYR,2024-06-29
748,8482067,2024,Connor Mackey,NYR,2024-06-29
749,8483768,2024,Victor Mancini,NYR,2024-06-29
750,8480817,2024,K'Andre Miller,NYR,2024-06-29
751,8481525,2024,Matthew Robertson,NYR,2024-06-29
752,8477244,2024,Chad Ruhwedel,NYR,2024-06-29
753,8483407,2024,Brandon Scanlin,NYR,2024-06-29
754,8482073,2024,Braden Schneider,NYR,2024-06-29
755,8476885,2024,Jacob Trouba,NYR,2024-06-29
756,8482869,2024,Talyn Boyko,NYR,2024-06-29
757,8475839,2024,Louis Domingue,NYR,2024-06-29
758,8482193,2024,Dylan Garand,NYR,2024-06-29
759,8482504,2024,Hugo Ollas,NYR,2024-06-29
760,8471734,2024,Jonathan Quick,NYR,2024-06-29
761,8478048,2024,Igor Shesterkin,NYR,2024-06-29
762,8479335,2024,Rasmus Asplund,FLA,2024-06-29
763,8477493,2024,Aleksander Barkov,FLA,2024-06-29
764,8477935,2024,Sam Bennett,FLA,2024-06-29
765,8480003,2024,Jesper Boqvist,FLA,2024-06-29
766,8474610,2024,Zac Dalpe,FLA,2024-06-29
767,8483740,2024,Josh Davies,FLA,2024-06-29
768,8480025,2024,MacKenzie Entwistle,FLA,2024-06-29
769,8479981,2024,Jonah Gadjovich,FLA,2024-06-29
770,8480825,2024,Patrick Giles,FLA,2024-06-29
771,8478421,2024,A.J. Greer,FLA,2024-06-29
772,8479367,2024,William Lockwood,FLA,2024-06-29
773,8482113,2024,Anton Lundell,FLA,2024-06-29
774,8480185,2024,Eetu Luostarinen,FLA,2024-06-29
775,8484271,2024,Ryan McAllister,FLA,2024-06-29
776,8477931,2024,Tomas Nosek,FLA,2024-06-29
777,8484935,2024,Oliver Okuliar,FLA,2024-06-29
778,8477933,2024,Sam Reinhart,FLA,2024-06-29
779,8478542,2024,Evan Rodrigues,FLA,2024-06-29
780,8482713,2024,Mackie Samoskevich,FLA,2024-06-29
781,8483878,2024,Kai Schwindt,FLA,2024-06-29
782,8484380,2024,Wilmer Skoog,FLA,2024-06-29
783,8482088,2024,Justin Sourdif,FLA,2024-06-29
784,8484834,2024,Ben Steeves,FLA,2024-06-29
785,8479314,2024,Matthew Tkachuk,FLA,2024-06-29
786,8477409,2024,Carter Verhaeghe,FLA,2024-06-29
787,8483771,2024,Sandis Vilmanis,FLA,2024-06-29
788,8483687,2024,Marek Alscher,FLA,2024-06-29
789,8484304,2024,Uvis Balinskis,FLA,2024-06-29
790,8482107,2024,Mike Benning,FLA,2024-06-29
791,8481600,2024,Tobias Bjornfot,FLA,2024-06-29
792,8480871,2024,Adam Boqvist,FLA,2024-06-29
793,8477932,2024,Aaron Ekblad,FLA,2024-06-29
794,8478055,2024,Gustav Forsling,FLA,2024-06-29
795,8484933,2024,Mikulas Hovorka,FLA,2024-06-29
796,8482641,2024,Matt Kiersted,FLA,2024-06-29
797,8475179,2024,Dmitry Kulikov,FLA,2024-06-29
798,8477034,2024,Jaycob Megna,FLA,2024-06-29
799,8478859,2024,Niko Mikkola,FLA,2024-06-29
800,8482734,2024,Evan Nause,FLA,2024-06-29
801,8477220,2024,Nate Schmidt,FLA,2024-06-29
802,8481795,2024,Nathan Staios,FLA,2024-06-29
803,8482098,2024,Zachary Uens,FLA,2024-06-29
804,8484900,2024,Cooper Black,FLA,2024-06-29
805,8475683,2024,Sergei Bobrovsky,FLA,2024-06-29
806,8476904,2024,Chris Driedger,FLA,2024-06-29
807,8481519,2024,Spencer Knight,FLA,2024-06-29
808,8478042,2024,Viktor Arvidsson,EDM,2024-06-29
809,8484127,2024,Carl Berglund,EDM,2024-06-29
810,8477015,2024,Connor Brown,EDM,2024-06-29
811,8479465,2024,Drake Caggiula,EDM,2024-06-29
812,8477934,2024,Leon Draisaitl,EDM,2024-06-29
813,8482704,2024,Jayden Grubbe,EDM,2024-06-29
814,8480468,2024,James Hamblin,EDM,2024-06-29
815,8474641,2024,Adam Henrique,EDM,2024-06-29
816,8475786,2024,Zach Hyman,EDM,2024-06-29
817,8477406,2024,Mattias Janmark,EDM,2024-06-29
818,8482162,2024,Roby Jarventie,EDM,2024-06-29
819,8475169,2024,Evander Kane,EDM,2024-06-29
820,8481534,2024,Raphael Lavoie,EDM,2024-06-29
821,8478402,2024,Connor McDavid,EDM,2024-06-29
822,8476454,2024,Ryan Nugent-Hopkins,EDM,2024-06-29
823,8478967,2024,Lane Pederson,EDM,2024-06-29
824,8470621,2024,Corey Perry,EDM,2024-06-29
825,8482718,2024,Matvey Petrov,EDM,2024-06-29
826,8481491,2024,Noah Philp,EDM,2024-06-29
827,8481617,2024,Vasily Podkolzin,EDM,2024-06-29
828,8478585,2024,Derek Ryan,EDM,2024-06-29
829,8483512,2024,Matthew Savoie,EDM,2024-06-29
830,8475784,2024,Jeff Skinner,EDM,2024-06-29
831,8483100,2024,James Stefan,EDM,2024-06-29
832,8483847,2024,Brady Stonehouse,EDM,2024-06-29
833,8484139,2024,Beau Akey,EDM,2024-06-29
834,8480803,2024,Evan Bouchard,EDM,2024-06-29
835,8477384,2024,Joshua Brown,EDM,2024-06-29
836,8476941,2024,Connor Carrick,EDM,2024-06-29
837,8479341,2024,Cam Dineen,EDM,2024-06-29
838,8475218,2024,Mattias Ekholm,EDM,2024-06-29
839,8480834,2024,Ty Emberson,EDM,2024-06-29
840,8479416,2024,Ben Gleason,EDM,2024-06-29
841,8480202,2024,Noel Hoefenmayer,EDM,2024-06-29
842,8480274,2024,Philip Kemp,EDM,2024-06-29
843,8476967,2024,Brett Kulak,EDM,2024-06-29
844,8477498,2024,Darnell Nurse,EDM,2024-06-29
845,8479442,2024,Troy Stecher,EDM,2024-06-29
846,8482902,2024,Maximus Wanner,EDM,2024-06-29
847,8480420,2024,Collin Delia,EDM,2024-06-29
848,8475717,2024,Calvin Pickard,EDM,2024-06-29
849,8480885,2024,Olivier Rodrigue,EDM,2024-06-29
850,8479973,2024,Stuart Skinner,EDM,2024-06-29
851,8483083,2024,Connor Ungar,EDM,2024-06-29
852,8482863,2024,Caedan Bankier,MIN,2024-06-29
853,8481557,2024,Matt Boldy,MIN,2024-06-29
854,8476329,2024,Travis Boyd,MIN,2024-06-29
855,8481578,2024,Graeme Clarke,MIN,2024-06-29
856,8478493,2024,Joel Eriksson Ek,MIN,2024-06-29
857,8475220,2024,Marcus Foligno,MIN,2024-06-29
858,8477919,2024,Frederick Gaudreau,MIN,2024-06-29
859,8476867,2024,Brendan Gaunce,MIN,2024-06-29
860,8483452,2024,Hunter Haight,MIN,2024-06-29
861,8477451,2024,Ryan Hartman,MIN,2024-06-29
862,8484178,2024,Riley Heidt,MIN,2024-06-29
863,8475149,2024,Marcus Johansson,MIN,2024-06-29
864,8481147,2024,Reese Johnson,MIN,2024-06-29
865,8480259,2024,Ben Jones,MIN,2024-06-29
866,8478864,2024,Kirill Kaprizov,MIN,2024-06-29
867,8482177,2024,Marat Khusnutdinov,MIN,2024-06-29
868,8484184,2024,Rasmus Kumpulainen,MIN,2024-06-29
869,8480880,2024,Jakub Lauko,MIN,2024-06-29
870,8482829,2024,Michael Milne,MIN,2024-06-29
871,8482217,2024,Pavel Novak,MIN,2024-06-29
872,8483499,2024,Liam Ohgren,MIN,2024-06-29
873,8482197,2024,Adam Raska,MIN,2024-06-29
874,8482079,2024,Marco Rossi,MIN,2024-06-29
875,8476913,2024,Devin Shore,MIN,2024-06-29
876,8481866,2024,Luke Toporowski,MIN,2024-06-29
877,8478508,2024,Yakov Trenin,MIN,2024-06-29
878,8480267,2024,Sammy Walker,MIN,2024-06-29
879,8475692,2024,Mats Zuccarello,MIN,2024-06-29
880,8474567,2024,Zach Bogosian,MIN,2024-06-29
881,8476463,2024,Jonas Brodin,MIN,2024-06-29
882,8478863,2024,Joseph Cecconi,MIN,2024-06-29
883,8480990,2024,Declan Chisholm,MIN,2024-06-29
884,8480075,2024,Cameron Crotty,MIN,2024-06-29
885,8482122,2024,Brock Faber,MIN,2024-06-29
886,8482094,2024,Daemon Hunt,MIN,2024-06-29
887,8482781,2024,Carson Lambos,MIN,2024-06-29
888,8482707,2024,Kyle Masters,MIN,2024-06-29
889,8475750,2024,Jon Merrill,MIN,2024-06-29
890,8478136,2024,Jake Middleton,MIN,2024-06-29
891,8482143,2024,Ryan O'Rourke,MIN,2024-06-29
892,8482686,2024,Jack Peart,MIN,2024-06-29
893,8483766,2024,David Spacek,MIN,2024-06-29
894,8474716,2024,Jared Spurgeon,MIN,2024-06-29
895,8470594,2024,Marc-Andre Fleury,MIN,2024-06-29
896,8477234,2024,Troy Grosenick,MIN,2024-06-29
897,8479406,2024,Filip Gustavsson,MIN,2024-06-29
898,8482085,2024,Samuel Hlavaj,MIN,2024-06-29
899,8482661,2024,Jesper Wallstedt,MIN,2024-06-29
900,8481543,2024,Nikita Alexandrov,STL,2024-06-29
901,8482737,2024,Zack Bolduc,STL,2024-06-29
902,8477402,2024,Pavel Buchnevich,STL,2024-06-29
903,8482784,2024,Zach Dean,STL,2024-06-29
904,8482156,2024,Tanner Dickinson,STL,2024-06-29
905,8484164,2024,Dalibor Dvorsky,STL,2024-06-29
906,8476889,2024,Radek Faksa,STL,2024-06-29
907,8482077,2024,Dylan Holloway,STL,2024-06-29
908,8478472,2024,Mathieu Joseph,STL,2024-06-29
909,8477953,2024,Kasperi Kapanen,STL,2024-06-29
910,8483463,2024,Aleksanteri Kaskimaki,STL,2024-06-29
911,8479385,2024,Jordan Kyrou,STL,2024-06-29
912,8481000,2024,Mathias Laferriere,STL,2024-06-29
913,8482089,2024,Jake Neighbours,STL,2024-06-29
914,8484393,2024,Juraj Pekarcik,STL,2024-06-29
915,8482121,2024,Dylan Peterson,STL,2024-06-29
916,8482716,2024,Simon Robertsson,STL,2024-06-29
917,8476438,2024,Brandon Saad,STL,2024-06-29
918,8475170,2024,Brayden Schenn,STL,2024-06-29
919,8484229,2024,Jakub Stancl,STL,2024-06-29
920,8476897,2024,Oskar Sundqvist,STL,2024-06-29
921,8484951,2024,Marcus Sylvegard,STL,2024-06-29
922,8480074,2024,Alexandre Texier,STL,2024-06-29
923,8480023,2024,Robert Thomas,STL,2024-06-29
924,8480281,2024,Alexey Toropchenko,STL,2024-06-29
925,8477573,2024,Nathan Walker,STL,2024-06-29
926,8483061,2024,Jeremie Biakabutuka,STL,2024-06-29
927,8481598,2024,Philip Broberg,STL,2024-06-29
928,8483427,2024,Michael Buchinger,STL,2024-06-29
929,8475753,2024,Justin Faulk,STL,2024-06-29
930,8483764,2024,Marc-Andre Gaudet,STL,2024-06-29
931,8484790,2024,Adam Jiricek,STL,2024-06-29
932,8482499,2024,Samuel Johannesson,STL,2024-06-29
933,8480058,2024,Pierre-Olivier Joseph,STL,2024-06-29
934,8482516,2024,Matthew Kessel,STL,2024-06-29
935,8476792,2024,Torey Krug,STL,2024-06-29
936,8475181,2024,Nick Leddy,STL,2024-06-29
937,8482478,2024,Leo Loof,STL,2024-06-29
938,8484114,2024,Anton Malmstrom,STL,2024-06-29
939,8476892,2024,Colton Parayko,STL,2024-06-29
940,8481059,2024,Scott Perunovich,STL,2024-06-29
941,8481461,2024,Corey Schueneman,STL,2024-06-29
942,8481715,2024,Hunter Skinner,STL,2024-06-29
943,8470600,2024,Ryan Suter,STL,2024-06-29
944,8481006,2024,Tyler Tucker,STL,2024-06-29
945,8476412,2024,Jordan Binnington,STL,2024-06-29
946,8482205,2024,Will Cranley,STL,2024-06-29
947,8481551,2024,Colten Ellis,STL,2024-06-29
948,8480981,2024,Joel Hofer,STL,2024-06-29
949,8481689,2024,Vadim Zherenko,STL,2024-06-29
950,8478445,2024,Mathew Barzal,NYI,2024-06-29
951,8475231,2024,Casey Cizikas,NYI,2024-06-29
952,8477407,2024,Anthony Duclair,NYI,2024-06-29
953,8482207,2024,William Dufour,NYI,2024-06-29
954,8478115,2024,Pierre Engvall,NYI,2024-06-29
955,8477392,2024,Hudson Fasching,NYI,2024-06-29
956,8483553,2024,Marc Gatcomb,NYI,2024-06-29
957,8479328,2024,Julien Gauthier,NYI,2024-06-29
958,8481601,2024,Simon Holmstrom,NYI,2024-06-29
959,8477500,2024,Bo Horvat,NYI,2024-06-29
960,8482154,2024,Alex Jefferies,NYI,2024-06-29
961,8483104,2024,Daylan Kuefler,NYI,2024-06-29
962,8475314,2024,Anders Lee,NYI,2024-06-29
963,8482882,2024,Eetu Liukas,NYI,2024-06-29
964,8481237,2024,Kyle MacLean,NYI,2024-06-29
965,8483062,2024,Matthew Maggio,NYI,2024-06-29
966,8475754,2024,Brock Nelson,NYI,2024-06-29
967,8484208,2024,Jesse Nurmi,NYI,2024-06-29
968,8476419,2024,Jean-Gabriel Pageau,NYI,2024-06-29
969,8475151,2024,Kyle Palmieri,NYI,2024-06-29
970,8484830,2024,Camden Thiesing,NYI,2024-06-29
971,8481740,2024,Tyce Thompson,NYI,2024-06-29
972,8484958,2024,Maxim Tsyplakov,NYI,2024-06-29
973,8480789,2024,Oliver Wahlstrom,NYI,2024-06-29
974,8481541,2024,Samuel Bolduc,NYI,2024-06-29
975,8479395,2024,Dennis Cholowski,NYI,2024-06-29
976,8480865,2024,Noah Dobson,NYI,2024-06-29
977,8484263,2024,Aidan Fulp,NYI,2024-06-29
978,8483448,2024,Isaiah George,NYI,2024-06-29
979,8480306,2024,Grant Hutton,NYI,2024-06-29
980,8476429,2024,Scott Mayfield,NYI,2024-06-29
981,8484262,2024,Travis Mitchell,NYI,2024-06-29
982,8483498,2024,Calle Odelius,NYI,2024-06-29
983,8476917,2024,Adam Pelech,NYI,2024-06-29
984,8484766,2024,Jesse Pulkkinen,NYI,2024-06-29
985,8477506,2024,Ryan Pulock,NYI,2024-06-29
986,8476422,2024,Mike Reilly,NYI,2024-06-29
987,8481014,2024,Alexander Romanov,NYI,2024-06-29
988,8481569,2024,Marshall Warren,NYI,2024-06-29
989,8477405,2024,Marcus Hogberg,NYI,2024-06-29
990,8482668,2024,Tristan Lennox,NYI,2024-06-29
991,8478009,2024,Ilya Sorokin,NYI,2024-06-29
992,8482472,2024,Henrik Tikkanen,NYI,2024-06-29
993,8473575,2024,Semyon Varlamov,NYI,2024-06-29
994,8482124,2024,Quinton Byfield,LAK,2024-06-29
995,8482160,2024,Martin Chromiak,LAK,2024-06-29
996,8476479,2024,Phillip Danault,LAK,2024-06-29
997,8477942,2024,Kevin Fiala,LAK,2024-06-29
998,8477998,2024,Warren Foegele,LAK,2024-06-29
999,8478446,2024,Glenn Gawdin,LAK,2024-06-29
1000,8484802,2024,Liam Greentree,LAK,2024-06-29
1001,8482466,2024,Aatu Jamsen,LAK,2024-06-29
1002,8479661,2024,Tanner Jeannot,LAK,2024-06-29
1003,8477960,2024,Adrian Kempe,LAK,2024-06-29
1004,8471685,2024,Anze Kopitar,LAK,2024-06-29
1005,8482155,2024,Alex Laferriere,LAK,2024-06-29
1006,8483052,2024,Kaleb Lawrence,LAK,2024-06-29
1007,8473453,2024,Trevor Lewis,LAK,2024-06-29
1008,8480805,2024,Tyler Madden,LAK,2024-06-29
1009,8482408,2024,Jeff Malott,LAK,2024-06-29
1010,8479675,2024,Trevor Moore,LAK,2024-06-29
1011,8482748,2024,Francesco Pinelli,LAK,2024-06-29
1012,8480021,2024,Jack Studnicka,LAK,2024-06-29
1013,8480851,2024,Akil Thomas,LAK,2024-06-29
1014,8481532,2024,Alex Turcotte,LAK,2024-06-29
1015,8483406,2024,Taylor Ward,LAK,2024-06-29
1016,8484243,2024,Koehn Ziemmer,LAK,2024-06-29
1017,8479998,2024,Mikey Anderson,LAK,2024-06-29
1018,8483699,2024,Angus Booth,LAK,2024-06-29
1019,8477335,2024,Kyle Burroughs,LAK,2024-06-29
1020,8482730,2024,Brandt Clarke,LAK,2024-06-29
1021,8474563,2024,Drew Doughty,LAK,2024-06-29
1022,8484163,2024,Jakub Dvorak,LAK,2024-06-29
1023,8476441,2024,Joel Edmundson,LAK,2024-06-29
1024,8477971,2024,Andreas Englund,LAK,2024-06-29
1025,8478882,2024,Vladislav Gavrikov,LAK,2024-06-29
1026,8478176,2024,Joe Hicketts,LAK,2024-06-29
1027,8478452,2024,Caleb Jones,LAK,2024-06-29
1028,8481051,2024,Cole Krygier,LAK,2024-06-29
1029,8479421,2024,Jacob Moverare,LAK,2024-06-29
1030,8481606,2024,Jordan Spence,LAK,2024-06-29
1031,8480054,2024,Reilly Walsh,LAK,2024-06-29
1032,8477831,2024,Pheonix Copley,LAK,2024-06-29
1033,8484857,2024,Carter George,LAK,2024-06-29
1034,8475311,2024,Darcy Kuemper,LAK,2024-06-29
1035,8479496,2024,David Rittich,LAK,2024-06-29
1036,8477979,2024,Nicolas Aube-Kubel,BUF,2024-06-29
1037,8484145,2024,Zach Benson,BUF,2024-06-29
1038,8481528,2024,Dylan Cozens,BUF,2024-06-29
1039,8482623,2024,Josh Dunne,BUF,2024-06-29
1040,8478413,2024,Jordan Greenway,BUF,2024-06-29
1041,8484797,2024,Konsta Helenius,BUF,2024-06-29
1042,8481480,2024,Mason Jobst,BUF,2024-06-29
1043,8482697,2024,Aleksandr Kisakov,BUF,2024-06-29
1044,8482896,2024,Tyson Kozak,BUF,2024-06-29
1045,8483468,2024,Jiri Kulich,BUF,2024-06-29
1046,8478043,2024,Sam Lafferty,BUF,2024-06-29
1047,8479359,2024,Beck Malenstyn,BUF,2024-06-29
1048,8480802,2024,Ryan McLeod,BUF,2024-06-29
1049,8479419,2024,Brett Murray,BUF,2024-06-29
1050,8482746,2024,Olivier Nadeau,BUF,2024-06-29
1051,8483496,2024,Viktor Neuchev,BUF,2024-06-29
1052,8483500,2024,Noah Ostlund,BUF,2024-06-29
1053,8482175,2024,JJ Peterka,BUF,2024-06-29
1054,8482097,2024,Jack Quinn,BUF,2024-06-29
1055,8482765,2024,Isak Rosen,BUF,2024-06-29
1056,8481751,2024,Lukas Rousek,BUF,2024-06-29
1057,8479420,2024,Tage Thompson,BUF,2024-06-29
1058,8477949,2024,Alex Tuch,BUF,2024-06-29
1059,8482151,2024,Tyler Tullio,BUF,2024-06-29
1060,8484238,2024,Anton Wahlberg,BUF,2024-06-29
1061,8475722,2024,Jason Zucker,BUF,2024-06-29
1062,8480196,2024,Jacob Bryson,BUF,2024-06-29
1063,8481524,2024,Bowen Byram,BUF,2024-06-29
1064,8479348,2024,Kale Clague,BUF,2024-06-29
1065,8477365,2024,Connor Clifton,BUF,2024-06-29
1066,8480839,2024,Rasmus Dahlin,BUF,2024-06-29
1067,8478502,2024,Dennis Gilbert,BUF,2024-06-29
1068,8481564,2024,Ryan Johnson,BUF,2024-06-29
1069,8480035,2024,Henri Jokiharju,BUF,2024-06-29
1070,8483732,2024,Vsevolod Komarov,BUF,2024-06-29
1071,8482916,2024,Nikita Novikov,BUF,2024-06-29
1072,8482066,2024,Colton Poolman,BUF,2024-06-29
1073,8482671,2024,Owen Power,BUF,2024-06-29
1074,8480056,2024,Jack Rathbone,BUF,2024-06-29
1075,8480807,2024,Mattias Samuelsson,BUF,2024-06-29
1076,8482221,2024,Devon Levi,BUF,2024-06-29
1077,8480045,2024,Ukko-Pekka Luukkonen,BUF,2024-06-29
1078,8473503,2024,James Reimer,BUF,2024-06-29
1079,8478433,2024,Felix Sandstrom,BUF,2024-06-29
1080,8478020,2024,Michael Amadio,OTT,2024-06-29
1081,8480208,2024,Drake Batherson,OTT,2024-06-29
1082,8483579,2024,Wyatt Bongiovanni,OTT,2024-06-29
1083,8482674,2024,Tyler Boucher,OTT,2024-06-29
1084,8482706,2024,Jake Chiasson,OTT,2024-06-29
1085,8481065,2024,Angus Crookshank,OTT,2024-06-29
1086,8482458,2024,Philippe Daoust,OTT,2024-06-29
1087,8478874,2024,Adam Gaudette,OTT,2024-06-29
1088,8473512,2024,Claude Giroux,OTT,2024-06-29
1089,8479393,2024,Noah Gregor,OTT,2024-06-29
1090,8482092,2024,Ridly Greig,OTT,2024-06-29
1091,8483676,2024,Stephen Halliday,OTT,2024-06-29
1092,8478146,2024,Matthew Highmore,OTT,2024-06-29
1093,8478173,2024,Hayden Hodgson,OTT,2024-06-29
1094,8480890,2024,Jan Jenik,OTT,2024-06-29
1095,8479772,2024,Zack MacEwen,OTT,2024-06-29
1096,8480064,2024,Josh Norris,OTT,2024-06-29
1097,8482859,2024,Zack Ostapchuk,OTT,2024-06-29
1098,8474102,2024,David Perron,OTT,2024-06-29
1099,8483673,2024,Oskar Pettersson,OTT,2024-06-29
1100,8479516,2024,Garrett Pilon,OTT,2024-06-29
1101,8481596,2024,Shane Pinto,OTT,2024-06-29
1102,8481579,2024,Jamieson Rees,OTT,2024-06-29
1103,8481133,2024,Cole Reinhardt,OTT,2024-06-29
1104,8482116,2024,Tim Stützle,OTT,2024-06-29
1105,8480801,2024,Brady Tkachuk,OTT,2024-06-29
1106,8484429,2024,Matthew Andonovski,OTT,2024-06-29
1107,8480879,2024,Jacob Bernard-Docker,OTT,2024-06-29
1108,8478469,2024,Thomas Chabot,OTT,2024-06-29
1109,8479602,2024,Jeremy Davies,OTT,2024-06-29
1110,8483435,2024,Jorian Donovan,OTT,2024-06-29
1111,8481679,2024,Maxence Guenette,OTT,2024-06-29
1112,8483683,2024,Tomas Hamara,OTT,2024-06-29
1113,8474612,2024,Travis Hamonic,OTT,2024-06-29
1114,8475324,2024,Nick Jensen,OTT,2024-06-29
1115,8482095,2024,Tyler Kleven,OTT,2024-06-29
1116,8484321,2024,Nikolas Matinpalo,OTT,2024-06-29
1117,8483619,2024,Filip Roos,OTT,2024-06-29
1118,8482105,2024,Jake Sanderson,OTT,2024-06-29
1119,8482131,2024,Donovan Sebrango,OTT,2024-06-29
1120,8484534,2024,Djibril Toure,OTT,2024-06-29
1121,8484759,2024,Carter Yakemchuk,OTT,2024-06-29
1122,8482245,2024,Artem Zub,OTT,2024-06-29
1123,8476341,2024,Anton Forsberg,OTT,2024-06-29
1124,8482447,2024,Leevi Merilainen,OTT,2024-06-29
1125,8481544,2024,Mads Sogaard,OTT,2024-06-29
1126,8476999,2024,Linus Ullmark,OTT,2024-06-29
1127,8481720,2024,Nick Abruzzese,TOR,2024-06-29
1128,8484158,2024,Easton Cowan,TOR,2024-06-29
1129,8480980,2024,Connor Dewar,TOR,2024-06-29
1130,8477503,2024,Max Domi,TOR,2024-06-29
1131,8483733,2024,Nikita Grebenkin,TOR,2024-06-29
1132,8482130,2024,Roni Hirvonen,TOR,2024-06-29
1133,8480995,2024,Pontus Holmberg,TOR,2024-06-29
1134,8475714,2024,Calle Jarnkrok,TOR,2024-06-29
1135,8480144,2024,David Kampf,TOR,2024-06-29
1136,8482720,2024,Matthew Knies,TOR,2024-06-29
1137,8482741,2024,Braeden Kressler,TOR,2024-06-29
1138,8478483,2024,Mitch Marner,TOR,2024-06-29
1139,8479318,2024,Auston Matthews,TOR,2024-06-29
1140,8482259,2024,Bobby McMann,TOR,2024-06-29
1141,8483489,2024,Fraser Minten,TOR,2024-06-29
1142,8477939,2024,William Nylander,TOR,2024-06-29
1143,8480249,2024,Cedric Pare,TOR,2024-06-29
1144,8484901,2024,Jacob Quillan,TOR,2024-06-29
1145,8471817,2024,Ryan Reaves,TOR,2024-06-29
1146,8482634,2024,Alex Steeves,TOR,2024-06-29
1147,8475166,2024,John Tavares,TOR,2024-06-29
1148,8482525,2024,Ryan Tverberg,TOR,2024-06-29
1149,8482880,2024,Ty Voit,TOR,2024-06-29
1150,8481122,2024,Simon Benoit,TOR,2024-06-29
1151,8484464,2024,Noah Chadwick,TOR,2024-06-29
1152,8484805,2024,Ben Danford,TOR,2024-06-29
1153,8475171,2024,Oliver Ekman-Larsson,TOR,2024-06-29
1154,8481614,2024,Mikko Kokkonen,TOR,2024-06-29
1155,8480043,2024,Timothy Liljegren,TOR,2024-06-29
1156,8479555,2024,Nicolas Mattinen,TOR,2024-06-29
1157,8476931,2024,Jake McCabe,TOR,2024-06-29
1158,8477541,2024,Dakota Mermis,TOR,2024-06-29
1159,8479026,2024,Philippe Myers,TOR,2024-06-29
1160,8482158,2024,Topi Niemela,TOR,2024-06-29
1161,8476853,2024,Morgan Rielly,TOR,2024-06-29
1162,8483546,2024,Marshall Rifai,TOR,2024-06-29
1163,8475690,2024,Chris Tanev,TOR,2024-06-29
1164,8479982,2024,Conor Timmins,TOR,2024-06-29
1165,8482174,2024,William Villeneuve,TOR,2024-06-29
1166,8481570,2024,Cade Webber,TOR,2024-06-29
1167,8482515,2024,Artur Akhtyamov,TOR,2024-06-29
1168,8483710,2024,Dennis Hildeby,TOR,2024-06-29
1169,8476899,2024,Matt Murray,TOR,2024-06-29
1170,8482940,2024,Vyacheslav Peksa,TOR,2024-06-29
1171,8476932,2024,Anthony Stolarz,TOR,2024-06-29
1172,8479361,2024,Joseph Woll,TOR,2024-06-29
1173,8479414,2024,Nathan Bastian,NJD,2024-06-29
1174,8481550,2024,Adam Beckman,NJD,2024-06-29
1175,8480032,2024,Shane Bowers,NJD,2024-06-29
1176,8479407,2024,Jesper Bratt,NJD,2024-06-29
1177,8481032,2024,Paul Cotter,NJD,2024-06-29
1178,8475413,2024,Justin Dowling,NJD,2024-06-29
1179,8483439,2024,Josh Filmon,NJD,2024-06-29
1180,8481518,2024,Nolan Foote,NJD,2024-06-29
1181,8483531,2024,Brian Halonen,NJD,2024-06-29
1182,8482635,2024,Mike Hardman,NJD,2024-06-29
1183,8475287,2024,Erik Haula,NJD,2024-06-29
1184,8480002,2024,Nico Hischier,NJD,2024-06-29
1185,8481559,2024,Jack Hughes,NJD,2024-06-29
1186,8478956,2024,Samuel Laberge,NJD,2024-06-29
1187,8477508,2024,Curtis Lazar,NJD,2024-06-29
1188,8481594,2024,Nathan Legare,NJD,2024-06-29
1189,8477073,2024,Kurtis MacDermid,NJD,2024-06-29
1190,8478414,2024,Timo Meier,NJD,2024-06-29
1191,8476474,2024,Stefan Noesen,NJD,2024-06-29
1192,8476292,2024,Ondrej Palat,NJD,2024-06-29
1193,8481115,2024,Ryan Schmelzer,NJD,2024-06-29
1194,8484405,2024,Cam Squires,NJD,2024-06-29
1195,8482714,2024,Chase Stillman,NJD,2024-06-29
1196,8475193,2024,Tomas Tatar,NJD,2024-06-29
1197,8484916,2024,Dylan Wendt,NJD,2024-06-29
1198,8478051,2024,Max Willman,NJD,2024-06-29
1199,8483429,2024,Seamus Casey,NJD,2024-06-29
1200,8480084,2024,Nick DeSimone,NJD,2024-06-29
1201,8475455,2024,Brenden Dillon,NJD,2024-06-29
1202,8483085,2024,Mikael Diotte,NJD,2024-06-29
1203,8476462,2024,Dougie Hamilton,NJD,2024-06-29
1204,8481701,2024,Santeri Hatakka,NJD,2024-06-29
1205,8482684,2024,Luke Hughes,NJD,2024-06-29
1206,8480192,2024,Johnathan Kovacevic,NJD,2024-06-29
1207,8481536,2024,Daniil Misyul,NJD,2024-06-29
1208,8483495,2024,Simon Nemec,NJD,2024-06-29
1209,8477488,2024,Brett Pesce,NJD,2024-06-29
1210,8478399,2024,Jonas Siegenthaler,NJD,2024-06-29
1211,8482873,2024,Topias Vilen,NJD,2024-06-29
1212,8478841,2024,Colton White,NJD,2024-06-29
1213,8474596,2024,Jake Allen,NJD,2024-06-29
1214,8483426,2024,Tyler Brennan,NJD,2024-06-29
1215,8482076,2024,Nico Daws,NJD,2024-06-29
1216,8474593,2024,Jacob Markstrom,NJD,2024-06-29
1217,8483659,2024,Isaac Poulter,NJD,2024-06-29
1218,8479994,2024,Jaret Anderson-Dolan,WPG,2024-06-29
1219,8478891,2024,Mason Appleton,WPG,2024-06-29
1220,8484143,2024,Colby Barlow,WPG,2024-06-29
1221,8480289,2024,Morgan Barron,WPG,2024-06-29
1222,8482787,2024,Nikita Chibrikov,WPG,2024-06-29
1223,8478398,2024,Kyle Connor,WPG,2024-06-29
1224,8477940,2024,Nikolaj Ehlers,WPG,2024-06-29
1225,8484135,2024,Parker Ford,WPG,2024-06-29
1226,8481019,2024,David Gustafsson,WPG,2024-06-29
1227,8480113,2024,Alex Iafallo,WPG,2024-06-29
1228,8479536,2024,Axel Jonsson-Fjallby,WPG,2024-06-29
1229,8480845,2024,Rasmus Kupari,WPG,2024-06-29
1230,8483471,2024,Brad Lambert,WPG,2024-06-29
1231,8476392,2024,Adam Lowry,WPG,2024-06-29
1232,8482780,2024,Chaz Lucius,WPG,2024-06-29
1233,8476480,2024,Vladislav Namestnikov,WPG,2024-06-29
1234,8475799,2024,Nino Niederreiter,WPG,2024-06-29
1235,8481695,2024,Henri Nikkanen,WPG,2024-06-29
1236,8476460,2024,Mark Scheifele,WPG,2024-06-29
1237,8479972,2024,Mason Shaw,WPG,2024-06-29
1238,8476952,2024,Dominic Toninato,WPG,2024-06-29
1239,8482139,2024,Daniel Torgersson,WPG,2024-06-29
1240,8480014,2024,Gabriel Vilardi,WPG,2024-06-29
1241,8484242,2024,Brayden Yager,WPG,2024-06-29
1242,8483526,2024,Danil Zhilkin,WPG,2024-06-29
1243,8482459,2024,Tyrel Bauer,WPG,2024-06-29
1244,8479639,2024,Dylan Coghlan,WPG,2024-06-29
1245,8476331,2024,Dylan DeMelo,WPG,2024-06-29
1246,8477938,2024,Haydn Fleury,WPG,2024-06-29
1247,8481572,2024,Ville Heinola,WPG,2024-06-29
1248,8482920,2024,Dmitry Kuzmin,WPG,2024-06-29
1249,8481547,2024,Simon Lundmark,WPG,2024-06-29
1250,8476525,2024,Colin Miller,WPG,2024-06-29
1251,8477504,2024,Josh Morrissey,WPG,2024-06-29
1252,8480145,2024,Neal Pionk,WPG,2024-06-29
1253,8483510,2024,Elias Salomonsson,WPG,2024-06-29
1254,8480049,2024,Dylan Samberg,WPG,2024-06-29
1255,8479378,2024,Logan Stanley,WPG,2024-06-29
1256,8477480,2024,Eric Comrie,WPG,2024-06-29
1257,8483711,2024,Domenic DiVincentiis,WPG,2024-06-29
1258,8476945,2024,Connor Hellebuyck,WPG,2024-06-29
1259,8478039,2024,Kaapo Kahkonen,WPG,2024-06-29
1260,8483114,2024,Thomas Milic,WPG,2024-06-29
1261,8482061,2024,Brandon Biro,SEA,2024-06-29
1262,8477416,2024,Oliver Bjorkstrand,SEA,2024-06-29
1263,8477444,2024,Andre Burakovsky,SEA,2024-06-29
1264,8484800,2024,Berkly Catton,SEA,2024-06-29
1265,8474586,2024,Jordan Eberle,SEA,2024-06-29
1266,8483442,2024,Jagger Firkus,SEA,2024-06-29
1267,8476826,2024,Yanni Gourde,SEA,2024-06-29
1268,8483449,2024,David Goyette,SEA,2024-06-29
1269,8477401,2024,John Hayden,SEA,2024-06-29
1270,8480869,2024,Luke Henman,SEA,2024-06-29
1271,8481789,2024,Tye Kartye,SEA,2024-06-29
1272,8477955,2024,Jared McCann,SEA,2024-06-29
1273,8476323,2024,Max McCormick,SEA,2024-06-29
1274,8482874,2024,Jacob Melanson,SEA,2024-06-29
1275,8483570,2024,Ben Meyers,SEA,2024-06-29
1276,8483012,2024,Logan Morrison,SEA,2024-06-29
1277,8483497,2024,Jani Nyman,SEA,2024-06-29
1278,8484219,2024,Carson Rehkopf,SEA,2024-06-29
1279,8483043,2024,Tucker Robertson,SEA,2024-06-29
1280,8484891,2024,Lleyton Roed,SEA,2024-06-29
1281,8484222,2024,Eduard Sale,SEA,2024-06-29
1282,8475768,2024,Jaden Schwartz,SEA,2024-06-29
1283,8478477,2024,Mitchell Stephens,SEA,2024-06-29
1284,8476905,2024,Chandler Stephenson,SEA,2024-06-29
1285,8479293,2024,Brandon Tanev,SEA,2024-06-29
1286,8480009,2024,Eeli Tolvanen,SEA,2024-06-29
1287,8482751,2024,Ryan Winterton,SEA,2024-06-29
1288,8483524,2024,Shane Wright,SEA,2024-06-29
1289,8478840,2024,Will Borgen,SEA,2024-06-29
1290,8477522,2024,Nikolas Brouillard,SEA,2024-06-29
1291,8484162,2024,Lukas Dragicevic,SEA,2024-06-29
1292,8478407,2024,Vince Dunn,SEA,2024-06-29
1293,8482858,2024,Ryker Evans,SEA,2024-06-29
1294,8479985,2024,Cale Fleury,SEA,2024-06-29
1295,8479320,2024,Maxime Lajoie,SEA,2024-06-29
1296,8476457,2024,Adam Larsson,SEA,2024-06-29
1297,8479372,2024,Joshua Mahura,SEA,2024-06-29
1298,8477986,2024,Brandon Montour,SEA,2024-06-29
1299,8483494,2024,Ty Nelson,SEA,2024-06-29
1300,8476467,2024,Jamie Oleksiak,SEA,2024-06-29
1301,8477467,2024,Gustav Olofsson,SEA,2024-06-29
1302,8482866,2024,Ville Ottavainen,SEA,2024-06-29
1303,8484217,2024,Caden Price,SEA,2024-06-29
1304,8478916,2024,Joey Daccord,SEA,2024-06-29
1305,8475831,2024,Philipp Grubauer,SEA,2024-06-29
1306,8483668,2024,Niklas Kokko,SEA,2024-06-29
1307,8484910,2024,Victor Ostman,SEA,2024-06-29
1308,8478848,2024,Ales Stezka,SEA,2024-06-29
1309,8477473,2024,Justin Bailey,SJS,2024-06-29
1310,8482133,2024,Thomas Bordeleau,SJS,2024-06-29
1311,8483428,2024,Filip Bystedt,SJS,2024-06-29
1312,8482206,2024,Ethan Cardwell,SJS,2024-06-29
1313,8484801,2024,Macklin Celebrini,SJS,2024-06-29
1314,8484994,2024,Igor Chernyshov,SJS,2024-06-29
1315,8482086,2024,Brandon Coe,SJS,2024-06-29
1316,8474053,2024,Logan Couture,SJS,2024-06-29
1317,8480848,2024,Ty Dellandrea,SJS,2024-06-29
1318,8482667,2024,William Eklund,SJS,2024-06-29
1319,8476624,2024,Barclay Goodrow,SJS,2024-06-29
1320,8484911,2024,Collin Graf,SJS,2024-06-29
1321,8475798,2024,Mikael Granlund,SJS,2024-06-29
1322,8479336,2024,Carl Grundstrom,SJS,2024-06-29
1323,8482101,2024,Danil Gushchin,SJS,2024-06-29
1324,8484176,2024,Kasper Halttunen,SJS,2024-06-29
1325,8480011,2024,Klim Kostin,SJS,2024-06-29
1326,8479316,2024,Luke Kunin,SJS,2024-06-29
1327,8484200,2024,Quentin Musty,SJS,2024-06-29
1328,8479249,2024,Andrew Poturalski,SJS,2024-06-29
1329,8482181,2024,Tristen Robins,SJS,2024-06-29
1330,8483618,2024,Mitchell Russell,SJS,2024-06-29
1331,8477149,2024,Scott Sabourin,SJS,2024-06-29
1332,8479379,2024,Givani Smith,SJS,2024-06-29
1333,8484227,2024,Will Smith,SJS,2024-06-29
1334,8481477,2024,Nico Sturm,SJS,2024-06-29
1335,8475726,2024,Tyler Toffoli,SJS,2024-06-29
1336,8477505,2024,Alexander Wennberg,SJS,2024-06-29
1337,8480188,2024,Fabian Zetterlund,SJS,2024-06-29
1338,8476988,2024,Matt Benning,SJS,2024-06-29
1339,8484152,2024,Luca Cagnoni,SJS,2024-06-29
1340,8479523,2024,Lucas Carlsson,SJS,2024-06-29
1341,8476879,2024,Cody Ceci,SJS,2024-06-29
1342,8484806,2024,Sam Dickinson,SJS,2024-06-29
1343,8479983,2024,Mario Ferraro,SJS,2024-06-29
1344,8483745,2024,Jake Furlong,SJS,2024-06-29
1345,8482934,2024,Artem Guryev,SJS,2024-06-29
1346,8482927,2024,Gannon Laroque,SJS,2024-06-29
1347,8482166,2024,Shakir Mukhamadullin,SJS,2024-06-29
1348,8484313,2024,Valtteri Pulli,SJS,2024-06-29
1349,8480172,2024,Jan Rutta,SJS,2024-06-29
1350,8481486,2024,Jimmy Schuldt,SJS,2024-06-29
1351,8482144,2024,Jack Thompson,SJS,2024-06-29
1352,8481567,2024,Henry Thrun,SJS,2024-06-29
1353,8471709,2024,Marc-Edouard Vlasic,SJS,2024-06-29
1354,8478013,2024,Jake Walman,SJS,2024-06-29
1355,8478406,2024,Mackenzie Blackwood,SJS,2024-06-29
1356,8480992,2024,Magnus Chrona,SJS,2024-06-29
1357,8484312,2024,Georgi Romanov,SJS,2024-06-29
1358,8477970,2024,Vitek Vanecek,SJS,2024-06-29
1359,8475461,2024,Andrew Agozzino,UTA,2024-06-29
1360,8479561,2024,Travis Barron,UTA,2024-06-29
1361,8484786,2024,Cole Beaudoin,UTA,2024-06-29
1362,8475760,2024,Nick Bjugstad,UTA,2024-06-29
1363,8479619,2024,Michael Carcone,UTA,2024-06-29
1364,8483431,2024,Logan Cooley,UTA,2024-06-29
1365,8478474,2024,Lawson Crouse,UTA,2024-06-29
1366,8482659,2024,Josh Doan,UTA,2024-06-29
1367,8480876,2024,Curtis Douglas,UTA,2024-06-29
1368,8482699,2024,Dylan Guenther,UTA,2024-06-29
1369,8480849,2024,Barrett Hayton,UTA,2024-06-29
1370,8484795,2024,Tij Iginla,UTA,2024-06-29
1371,8483597,2024,Milos Kelemen,UTA,2024-06-29
1372,8479343,2024,Clayton Keller,UTA,2024-06-29
1373,8477021,2024,Alex Kerfoot,UTA,2024-06-29
1374,8482924,2024,Sam Lipkin,UTA,2024-06-29
1375,8481711,2024,Matias Maccelli,UTA,2024-06-29
1376,8483671,2024,Miko Matikka,UTA,2024-06-29
1377,8480855,2024,Jack McBain,UTA,2024-06-29
1378,8481827,2024,Ben McCartney,UTA,2024-06-29
1379,8484207,2024,Noel Nordh,UTA,2024-06-29
1380,8477070,2024,Liam O'Brien,UTA,2024-06-29
1381,8481699,2024,Aku Raty,UTA,2024-06-29
1382,8477951,2024,Nick Schmaltz,UTA,2024-06-29
1383,8481102,2024,Egor Sokolov,UTA,2024-06-29
1384,8478831,2024,Kevin Stenlund,UTA,2024-06-29
1385,8474013,2024,Ian Cole,UTA,2024-06-29
1386,8475246,2024,Kevin Connauton,UTA,2024-06-29
1387,8483436,2024,Artem Duda,UTA,2024-06-29
1388,8480434,2024,Sean Durzi,UTA,2024-06-29
1389,8480891,2024,Michael Kesselring,UTA,2024-06-29
1390,8484326,2024,Patrik Koch,UTA,2024-06-29
1391,8481609,2024,Vladislav Kolyachonok,UTA,2024-06-29
1392,8483472,2024,Maveric Lamoureux,UTA,2024-06-29
1393,8478507,2024,John Marino,UTA,2024-06-29
1394,8481159,2024,Montana Onyebuchi,UTA,2024-06-29
1395,8479410,2024,Mikhail Sergachev,UTA,2024-06-29
1396,8483763,2024,Maksymilian Szuber,UTA,2024-06-29
1397,8479976,2024,Juuso Valimaki,UTA,2024-06-29
1398,8478971,2024,Connor Ingram,UTA,2024-06-29
1399,8483530,2024,Jaxson Stauber,UTA,2024-06-29
1400,8483099,2024,Anson Thornton,UTA,2024-06-29
1401,8478872,2024,Karel Vejmelka,UTA,2024-06-29
1402,8480191,2024,Matt Villalta,UTA,2024-06-29
1403,8484149,2024,Gavin Brindley,CBJ,2024-06-29
1404,8483045,2024,Cameron Butler,CBJ,2024-06-29
1405,8482475,2024,Yegor Chinakhov,CBJ,2024-06-29
1406,8479941,2024,Justin Danforth,CBJ,2024-06-29
1407,8483432,2024,Luca Del Bel Belluz,CBJ,2024-06-29
1408,8483688,2024,Jordan Dumais,CBJ,2024-06-29
1409,8484166,2024,Adam Fantilli,CBJ,2024-06-29
1410,8480441,2024,Trey Fix-Wolansky,CBJ,2024-06-29
1411,8479580,2024,Dylan Gambrell,CBJ,2024-06-29
1412,8476346,2024,Johnny Gaudreau,CBJ,2024-06-29
1413,8476432,2024,Boone Jenner,CBJ,2024-06-29
1414,8482660,2024,Kent Johnson,CBJ,2024-06-29
1415,8476374,2024,Sean Kuraly,CBJ,2024-06-29
1416,8482744,2024,James Malatesta,CBJ,2024-06-29
1417,8480893,2024,Kirill Marchenko,CBJ,2024-06-29
1418,8482881,2024,Max McCue,CBJ,2024-06-29
1419,8484125,2024,Hunter McKown,CBJ,2024-06-29
1420,8477497,2024,Sean Monahan,CBJ,2024-06-29
1421,8479671,2024,Mathieu Olivier,CBJ,2024-06-29
1422,8484214,2024,Luca Pinelli,CBJ,2024-06-29
1423,8482451,2024,Mikael Pyyhtia,CBJ,2024-06-29
1424,8482705,2024,Cole Sillinger,CBJ,2024-06-29
1425,8483538,2024,Owen Sillinger,CBJ,2024-06-29
1426,8481716,2024,Dmitri Voronkov,CBJ,2024-06-29
1427,8482453,2024,Ole Julian Bjorgvik-Holm,CBJ,2024-06-29
1428,8482678,2024,Corson Ceulemans,CBJ,2024-06-29
1429,8481161,2024,Jake Christiansen,CBJ,2024-06-29
1430,8482839,2024,Cole Clayton,CBJ,2024-06-29
1431,8475790,2024,Erik Gudbranson,CBJ,2024-06-29
1432,8480887,2024,Jordan Harris,CBJ,2024-06-29
1433,8483460,2024,David Jiricek,CBJ,2024-06-29
1434,8471677,2024,Jack Johnson,CBJ,2024-06-29
1435,8482448,2024,Samuel Knazko,CBJ,2024-06-29
1436,8483485,2024,Denton Mateychuk,CBJ,2024-06-29
1437,8478500,2024,Ivan Provorov,CBJ,2024-06-29
1438,8476923,2024,Damon Severson,CBJ,2024-06-29
1439,8482711,2024,Stanislav Svozil,CBJ,2024-06-29
1440,8478460,2024,Zach Werenski,CBJ,2024-06-29
1441,8482982,2024,Jet Greaves,CBJ,2024-06-29
1442,8483869,2024,Nolan Lalonde,CBJ,2024-06-29
1443,8478007,2024,Elvis Merzlikins,CBJ,2024-06-29
1444,8479313,2024,Zach Sawchenko,CBJ,2024-06-29
1445,8480193,2024,Daniil Tarasov,CBJ,2024-06-29
